run_id,condition_1,condition_2,condition_3,condition_4,condition_5
1,"(850.0, 3.0, 0.01, 10, 100.0)","(800.0, 2.5, 0.01, 12, 150.0)","(750.0, 2.0, 0.02, 8, 80.0)","(700.0, 1.5, 0.03, 6, 50.0)","(650.0, 1.0, 0.05, 4, 20.0)"
2,"(700.0, 3.0, 0.0005, 10, 100.0)","(650.0, 2.5, 0.0008, 8, 150.0)","(600.0, 2.0, 0.001, 6, 200.0)","(550.0, 1.8, 0.0015, 4, 250.0)","(500.0, 1.5, 0.002, 3, 300.0)"
3,"(700.0, 2.5, 0.0001, 10, 100.0)","(680.0, 2.0, 0.0002, 8, 120.0)","(660.0, 1.8, 0.0003, 6, 140.0)","(640.0, 1.5, 0.0004, 4, 160.0)","(600.0, 1.0, 0.0005, 2, 180.0)"
5,"(750.0, 1.5, 0.005, 10, 100.0)","(700.0, 2.0, 0.008, 8, 120.0)","(650.0, 2.5, 0.01, 6, 140.0)","(600.0, 3.0, 0.015, 4, 160.0)","(550.0, 3.5, 0.02, 2, 180.0)"
6,"(800.0, 2.5, 0.002, 10, 100.0)","(780.0, 2.3, 0.003, 8, 90.0)","(750.0, 2.0, 0.004, 6, 80.0)","(720.0, 1.8, 0.005, 4, 70.0)","(700.0, 1.5, 0.006, 2, 60.0)"
7,"(700.0, 3.0, 0.001, 10, 100.0)","(680.0, 3.5, 0.0015, 10, 120.0)","(650.0, 3.8, 0.002, 8, 150.0)","(620.0, 4.0, 0.0025, 6, 180.0)","(600.0, 4.5, 0.003, 4, 200.0)"
8,"(700.0, 3.0, 0.0001, 10, 20.0)","(680.0, 2.8, 0.00015, 9, 25.0)","(650.0, 2.5, 0.0002, 8, 30.0)","(630.0, 2.2, 0.00025, 7, 35.0)","(600.0, 2.0, 0.0003, 6, 40.0)"
9,"(800.0, 2.0, 0.01, 5, 50.0)","(780.0, 1.8, 0.02, 4, 60.0)","(760.0, 1.6, 0.03, 3, 70.0)","(740.0, 1.4, 0.04, 2, 80.0)","(720.0, 1.2, 0.05, 1, 90.0)"
10,"(700.0, 2.5, 0.005, 10, 100.0)","(680.0, 2.0, 0.004, 8, 90.0)","(660.0, 1.8, 0.003, 6, 80.0)","(640.0, 1.5, 0.002, 4, 70.0)","(620.0, 1.0, 0.001, 2, 60.0)"
11,"(800.0, 2.5, 0.001, 5, 40.0)","(780.0, 2.3, 0.0012, 4, 45.0)","(760.0, 2.1, 0.0015, 3, 50.0)","(740.0, 1.9, 0.002, 2, 55.0)","(720.0, 1.7, 0.003, 1, 60.0)"
12,"(750.0, 3.0, 0.015, 10, 50.0)","(700.0, 2.8, 0.02, 9, 60.0)","(650.0, 2.5, 0.03, 8, 70.0)","(600.0, 2.0, 0.04, 7, 80.0)","(550.0, 1.5, 0.05, 6, 90.0)"
13,"(750.0, 2.5, 0.02, 5, 50.0)","(700.0, 2.3, 0.03, 4, 60.0)","(650.0, 2.1, 0.04, 3, 70.0)","(600.0, 1.9, 0.05, 2, 80.0)","(550.0, 1.7, 0.06, 1, 90.0)"
14,"(750.0, 2.5, 0.002, 10, 30.0)","(700.0, 2.0, 0.005, 8, 40.0)","(650.0, 1.8, 0.01, 6, 50.0)","(600.0, 1.5, 0.02, 4, 60.0)","(550.0, 1.0, 0.03, 2, 70.0)"
15,"(750.0, 2.0, 0.001, 5, 50.0)","(720.0, 1.8, 0.002, 4, 60.0)","(700.0, 1.5, 0.003, 3, 70.0)","(680.0, 1.3, 0.004, 2, 80.0)","(650.0, 1.0, 0.005, 1, 90.0)"
16,"(750.0, 2.5, 0.01, 10, 50.0)","(700.0, 2.0, 0.005, 8, 60.0)","(680.0, 1.8, 0.02, 6, 70.0)","(650.0, 1.5, 0.1, 5, 80.0)","(630.0, 1.2, 0.03, 4, 90.0)"
17,"(700.0, 3.0, 0.005, 10, 100.0)","(650.0, 2.5, 0.008, 8, 90.0)","(600.0, 2.0, 0.01, 6, 80.0)","(550.0, 1.8, 0.015, 4, 70.0)","(500.0, 1.5, 0.02, 2, 60.0)"
18,"(700.0, 2.0, 0.05, 5, 30.0)","(680.0, 1.8, 0.04, 4, 35.0)","(660.0, 1.5, 0.03, 3, 40.0)","(640.0, 1.3, 0.02, 2, 45.0)","(620.0, 1.0, 0.01, 1, 50.0)"
19,"(850.0, 4.5, 0.005, 8, 200.0)","(800.0, 4.0, 0.01, 6, 180.0)","(750.0, 3.5, 0.02, 5, 160.0)","(700.0, 3.0, 0.03, 4, 140.0)","(650.0, 2.5, 0.04, 3, 120.0)"
20,"(700.0, 1.5, 0.0003, 5, 40.0)","(720.0, 1.8, 0.0005, 5, 50.0)","(680.0, 1.6, 0.0002, 6, 45.0)","(710.0, 1.7, 0.0004, 4, 55.0)","(690.0, 1.9, 0.001, 5, 60.0)"
21,"(850.0, 2.5, 0.001, 5, 50.0)","(800.0, 2.0, 0.002, 4, 60.0)","(750.0, 1.5, 0.003, 3, 70.0)","(700.0, 1.0, 0.004, 2, 80.0)","(650.0, 0.5, 0.005, 1, 90.0)"
22,"(700.0, 2.0, 0.01, 5, 50.0)","(680.0, 1.8, 0.015, 4, 60.0)","(650.0, 1.5, 0.02, 3, 70.0)","(630.0, 1.3, 0.025, 2, 80.0)","(600.0, 1.0, 0.03, 1, 90.0)"
23,"(800.0, 3.0, 0.001, 10, 50.0)","(750.0, 2.5, 0.002, 8, 60.0)","(700.0, 2.0, 0.003, 6, 70.0)","(650.0, 1.5, 0.004, 4, 80.0)","(600.0, 1.0, 0.005, 2, 90.0)"
24,"(850.0, 2.5, 0.001, 10, 200.0)","(800.0, 2.0, 0.002, 8, 150.0)","(750.0, 1.8, 0.003, 6, 120.0)","(700.0, 1.5, 0.004, 4, 100.0)","(650.0, 1.0, 0.005, 2, 80.0)"
25,"(750.0, 3.5, 0.005, 5, 50.0)","(700.0, 3.0, 0.006, 4, 60.0)","(650.0, 2.5, 0.007, 3, 70.0)","(600.0, 2.0, 0.008, 2, 80.0)","(550.0, 1.5, 0.009, 1, 90.0)"
26,"(750.0, 2.5, 0.001, 10, 50.0)","(700.0, 2.8, 0.005, 8, 100.0)","(650.0, 3.0, 0.01, 6, 150.0)","(600.0, 3.5, 0.02, 4, 200.0)","(550.0, 4.0, 0.05, 2, 250.0)"
27,"(700.0, 2.5, 0.005, 10, 30.0)","(680.0, 2.3, 0.0055, 9, 35.0)","(660.0, 2.2, 0.006, 8, 40.0)","(640.0, 2.0, 0.0065, 7, 45.0)","(620.0, 1.8, 0.007, 6, 50.0)"
28,"(800.0, 3.0, 0.001, 10, 100.0)","(780.0, 2.8, 0.002, 8, 120.0)","(760.0, 2.5, 0.003, 6, 140.0)","(740.0, 2.2, 0.004, 4, 160.0)","(720.0, 2.0, 0.005, 2, 180.0)"
29,"(750.0, 3.0, 0.02, 10, 50.0)","(700.0, 2.5, 0.015, 8, 60.0)","(650.0, 2.0, 0.01, 6, 70.0)","(600.0, 1.5, 0.0075, 4, 80.0)","(550.0, 1.0, 0.005, 2, 90.0)"
30,"(750.0, 2.0, 0.01, 5, 50.0)","(700.0, 2.5, 0.015, 4, 60.0)","(650.0, 3.0, 0.02, 3, 70.0)","(600.0, 3.5, 0.025, 2, 80.0)","(550.0, 4.0, 0.03, 1, 90.0)"
31,"(850.0, 2.5, 0.002, 10, 150.0)","(800.0, 2.0, 0.0015, 10, 140.0)","(750.0, 1.5, 0.001, 8, 130.0)","(700.0, 1.0, 0.0008, 6, 120.0)","(650.0, 0.8, 0.0006, 4, 110.0)"
32,"(700.0, 2.0, 0.002, 5, 100.0)","(680.0, 1.8, 0.003, 4, 110.0)","(660.0, 1.6, 0.004, 3, 120.0)","(640.0, 1.4, 0.005, 2, 130.0)","(620.0, 1.2, 0.006, 1, 140.0)"
33,"(750.0, 2.0, 0.001, 5, 50.0)","(720.0, 2.5, 0.002, 4, 60.0)","(690.0, 3.0, 0.003, 3, 70.0)","(660.0, 3.5, 0.004, 2, 80.0)","(630.0, 4.0, 0.005, 1, 90.0)"
34,"(800.0, 3.0, 0.0001, 10, 100.0)","(750.0, 2.5, 5e-05, 8, 90.0)","(700.0, 2.0, 0.001, 6, 80.0)","(650.0, 1.8, 0.002, 5, 70.0)","(600.0, 1.5, 0.003, 4, 60.0)"
35,"(850.0, 3.0, 0.001, 10, 50.0)","(800.0, 2.5, 0.0015, 8, 60.0)","(750.0, 2.0, 0.002, 6, 70.0)","(700.0, 1.8, 0.0025, 4, 80.0)","(650.0, 1.5, 0.003, 2, 90.0)"
36,"(750.0, 2.0, 0.01, 5, 50.0)","(725.0, 1.8, 0.012, 4, 60.0)","(700.0, 1.6, 0.014, 3, 70.0)","(675.0, 1.4, 0.016, 2, 80.0)","(650.0, 1.2, 0.018, 1, 90.0)"
37,"(750.0, 1.0, 0.0001, 5, 10.0)","(700.0, 1.2, 0.0002, 5, 10.5)","(680.0, 1.5, 0.0003, 3, 11.0)","(660.0, 1.8, 0.0004, 3, 11.5)","(650.0, 2.0, 0.0005, 2, 12.0)"
38,"(750.0, 2.5, 0.0005, 10, 30.0)","(700.0, 2.0, 0.0006, 9, 35.0)","(650.0, 1.8, 0.0007, 8, 40.0)","(600.0, 1.6, 0.0008, 7, 45.0)","(550.0, 1.4, 0.0009, 6, 50.0)"
39,"(700.0, 2.0, 0.01, 5, 50.0)","(650.0, 1.8, 0.02, 4, 60.0)","(600.0, 1.5, 0.03, 3, 70.0)","(550.0, 1.3, 0.04, 2, 80.0)","(500.0, 1.0, 0.05, 1, 90.0)"
40,"(750.0, 1.8, 0.001, 10, 50.0)","(720.0, 1.6, 0.002, 8, 60.0)","(700.0, 1.5, 0.003, 6, 70.0)","(680.0, 1.4, 0.004, 4, 80.0)","(650.0, 1.3, 0.005, 2, 90.0)"
41,"(750.0, 3.0, 0.001, 5, 50.0)","(700.0, 2.5, 0.0015, 6, 60.0)","(650.0, 2.0, 0.002, 7, 70.0)","(600.0, 1.5, 0.0025, 8, 80.0)","(550.0, 1.0, 0.003, 9, 90.0)"
42,"(800.0, 2.5, 0.001, 10, 50.0)","(750.0, 2.0, 0.002, 8, 60.0)","(700.0, 1.8, 0.003, 6, 70.0)","(650.0, 1.5, 0.004, 5, 80.0)","(600.0, 1.2, 0.005, 4, 90.0)"
43,"(750.0, 2.5, 0.01, 5, 100.0)","(730.0, 2.0, 0.015, 5, 120.0)","(710.0, 1.8, 0.02, 4, 140.0)","(690.0, 1.6, 0.025, 4, 160.0)","(670.0, 1.5, 0.03, 3, 180.0)"
44,"(700.0, 1.5, 0.001, 10, 50.0)","(750.0, 2.0, 0.002, 12, 60.0)","(800.0, 2.5, 0.003, 8, 70.0)","(850.0, 3.0, 0.004, 6, 80.0)","(900.0, 4.0, 0.005, 4, 90.0)"
45,"(750.0, 1.8, 0.0001, 5, 50.0)","(700.0, 2.5, 0.0002, 4, 60.0)","(650.0, 1.8, 0.0003, 3, 70.0)","(600.0, 1.5, 0.0004, 2, 80.0)","(550.0, 1.0, 0.0005, 1, 90.0)"
46,"(700.0, 2.0, 0.001, 5, 50.0)","(680.0, 1.8, 0.0005, 6, 60.0)","(660.0, 1.6, 0.002, 7, 70.0)","(640.0, 1.4, 0.005, 8, 80.0)","(620.0, 1.2, 0.008, 9, 90.0)"
47,"(800.0, 2.0, 0.001, 5, 100.0)","(780.0, 1.8, 0.002, 4, 110.0)","(760.0, 1.6, 0.003, 3, 120.0)","(740.0, 1.4, 0.004, 2, 130.0)","(720.0, 1.2, 0.005, 1, 140.0)"
48,"(750.0, 2.5, 0.01, 10, 50.0)","(700.0, 2.0, 0.01, 8, 60.0)","(650.0, 1.8, 0.01, 6, 70.0)","(600.0, 1.5, 0.01, 4, 80.0)","(550.0, 1.2, 0.01, 2, 90.0)"
49,"(750.0, 3.0, 0.005, 10, 100.0)","(720.0, 3.5, 0.004, 9, 90.0)","(700.0, 4.0, 0.003, 8, 80.0)","(680.0, 4.5, 0.002, 7, 70.0)","(650.0, 5.0, 0.001, 6, 60.0)"
50,"(750.0, 2.5, 0.005, 10, 100.0)","(700.0, 2.0, 0.003, 8, 120.0)","(650.0, 1.8, 0.002, 6, 150.0)","(600.0, 1.5, 0.001, 4, 180.0)","(550.0, 1.0, 0.0005, 2, 200.0)"
52,"(700.0, 2.5, 0.003, 10, 80.0)","(680.0, 2.8, 0.003, 8, 75.0)","(650.0, 3.0, 0.002, 6, 70.0)","(620.0, 2.7, 0.001, 5, 65.0)","(580.0, 1.5, 0.0015, 1, 50.0)"
53,"(700.0, 2.5, 0.002, 10, 50.0)","(650.0, 2.0, 0.003, 8, 60.0)","(600.0, 1.5, 0.004, 6, 70.0)","(550.0, 1.3, 0.005, 4, 80.0)","(500.0, 1.0, 0.006, 2, 90.0)"
54,"(700.0, 2.0, 0.02, 5, 50.0)","(680.0, 1.8, 0.015, 4, 60.0)","(650.0, 1.5, 0.01, 3, 70.0)","(620.0, 1.2, 0.008, 2, 80.0)","(600.0, 1.0, 0.006, 1, 90.0)"
55,"(750.0, 2.5, 0.001, 7, 50.0)","(700.0, 2.2, 0.0015, 6, 60.0)","(650.0, 2.0, 0.002, 5, 70.0)","(600.0, 1.8, 0.0025, 4, 80.0)","(550.0, 1.5, 0.003, 3, 90.0)"
56,"(800.0, 3.0, 0.005, 10, 100.0)","(780.0, 2.8, 0.006, 9, 120.0)","(760.0, 2.6, 0.007, 8, 140.0)","(740.0, 2.4, 0.008, 7, 160.0)","(720.0, 2.2, 0.009, 6, 180.0)"
57,"(700.0, 2.0, 0.001, 5, 50.0)","(650.0, 1.8, 0.002, 4, 60.0)","(600.0, 1.5, 0.003, 3, 70.0)","(550.0, 1.3, 0.004, 2, 80.0)","(500.0, 1.0, 0.005, 1, 90.0)"
58,"(800.0, 2.0, 0.0001, 10, 100.0)","(750.0, 1.8, 0.0002, 8, 120.0)","(700.0, 1.5, 0.0003, 6, 140.0)","(650.0, 1.3, 0.0004, 4, 160.0)","(600.0, 1.0, 0.0005, 2, 180.0)"
59,"(800.0, 3.0, 0.05, 10, 150.0)","(750.0, 2.5, 0.04, 8, 200.0)","(700.0, 2.0, 0.03, 6, 250.0)","(650.0, 1.5, 0.02, 5, 300.0)","(600.0, 1.0, 0.01, 4, 350.0)"
60,"(850.0, 3.0, 0.01, 10, 100.0)","(800.0, 2.5, 0.02, 8, 150.0)","(750.0, 2.0, 0.03, 6, 200.0)","(700.0, 1.5, 0.04, 4, 250.0)","(650.0, 1.0, 0.05, 2, 300.0)"
61,"(750.0, 1.5, 0.001, 10, 50.0)","(700.0, 1.8, 0.0015, 8, 60.0)","(650.0, 2.0, 0.002, 6, 70.0)","(600.0, 2.5, 0.0025, 4, 80.0)","(550.0, 3.0, 0.003, 2, 90.0)"
62,"(750.0, 2.0, 0.05, 10, 200.0)","(700.0, 1.8, 0.04, 8, 180.0)","(650.0, 1.5, 0.03, 6, 160.0)","(600.0, 1.0, 0.02, 4, 140.0)","(550.0, 0.8, 0.01, 2, 120.0)"
64,"(700.0, 2.5, 0.01, 10, 200.0)","(680.0, 2.2, 0.012, 9, 180.0)","(660.0, 2.0, 0.014, 8, 160.0)","(640.0, 1.8, 0.016, 7, 140.0)","(620.0, 1.6, 0.018, 6, 120.0)"
65,"(750.0, 2.5, 0.0005, 10, 100.0)","(700.0, 2.0, 0.001, 8, 90.0)","(650.0, 1.8, 0.002, 6, 80.0)","(600.0, 1.5, 0.003, 4, 70.0)","(550.0, 1.0, 0.004, 2, 60.0)"
66,"(800.0, 3.0, 0.005, 10, 50.0)","(780.0, 2.5, 0.006, 9, 55.0)","(760.0, 2.0, 0.007, 8, 60.0)","(740.0, 1.8, 0.008, 7, 65.0)","(720.0, 1.5, 0.009, 6, 70.0)"
67,"(850.0, 4.0, 0.001, 10, 200.0)","(800.0, 3.8, 0.0015, 5, 250.0)","(750.0, 3.5, 0.002, 5, 220.0)","(700.0, 3.2, 0.0025, 5, 200.0)","(650.0, 3.0, 0.003, 8, 180.0)"
68,"(750.0, 2.5, 0.1, 10, 30.0)","(730.0, 2.3, 0.12, 8, 35.0)","(710.0, 2.0, 0.15, 6, 40.0)","(690.0, 1.8, 0.18, 4, 45.0)","(670.0, 1.5, 0.2, 2, 50.0)"
69,"(700.0, 1.8, 0.01, 5, 50.0)","(680.0, 1.7, 0.015, 4, 55.0)","(660.0, 1.6, 0.02, 3, 60.0)","(640.0, 1.5, 0.025, 2, 65.0)","(620.0, 1.4, 0.03, 1, 70.0)"
70,"(700.0, 2.5, 0.01, 10, 100.0)","(650.0, 2.0, 0.015, 7, 90.0)","(600.0, 1.8, 0.02, 5, 80.0)","(550.0, 1.5, 0.025, 3, 70.0)","(500.0, 1.0, 0.03, 1, 60.0)"
71,"(750.0, 2.5, 0.005, 5, 50.0)","(700.0, 2.3, 0.006, 4, 60.0)","(650.0, 2.0, 0.007, 3, 70.0)","(600.0, 1.8, 0.008, 2, 80.0)","(550.0, 1.5, 0.009, 1, 90.0)"
72,"(800.0, 2.5, 0.001, 5, 100.0)","(750.0, 2.0, 0.002, 4, 90.0)","(700.0, 1.8, 0.003, 3, 80.0)","(650.0, 1.5, 0.004, 2, 70.0)","(600.0, 1.2, 0.005, 1, 60.0)"
73,"(750.0, 3.0, 0.001, 5, 40.0)","(720.0, 2.8, 0.0015, 6, 50.0)","(690.0, 2.5, 0.002, 7, 60.0)","(660.0, 2.2, 0.0025, 8, 70.0)","(630.0, 2.0, 0.003, 9, 80.0)"
74,"(750.0, 2.0, 0.001, 5, 50.0)","(700.0, 1.8, 0.002, 4, 60.0)","(650.0, 1.5, 0.003, 3, 70.0)","(600.0, 1.3, 0.004, 2, 80.0)","(550.0, 1.0, 0.005, 1, 90.0)"
75,"(750.0, 2.0, 0.01, 5, 50.0)","(800.0, 2.5, 0.02, 6, 60.0)","(700.0, 2.2, 0.03, 4, 70.0)","(650.0, 1.8, 0.04, 3, 80.0)","(600.0, 1.5, 0.05, 2, 90.0)"
76,"(700.0, 1.5, 0.005, 3, 30.0)","(680.0, 1.4, 0.006, 4, 40.0)","(650.0, 1.3, 0.007, 5, 50.0)","(620.0, 1.2, 0.008, 6, 60.0)","(600.0, 1.0, 0.009, 7, 70.0)"
77,"(850.0, 3.0, 0.0001, 10, 100.0)","(800.0, 2.8, 0.0002, 9, 95.0)","(750.0, 2.5, 0.0003, 8, 90.0)","(700.0, 2.0, 0.0004, 7, 85.0)","(650.0, 1.5, 0.0005, 6, 80.0)"
78,"(750.0, 2.5, 0.05, 10, 100.0)","(700.0, 2.2, 0.04, 10, 95.0)","(650.0, 2.0, 0.03, 10, 85.0)","(600.0, 1.8, 0.02, 10, 80.0)","(550.0, 1.5, 0.01, 10, 75.0)"
79,"(850.0, 3.0, 0.001, 10, 50.0)","(800.0, 2.5, 0.0015, 8, 60.0)","(750.0, 2.0, 0.002, 6, 70.0)","(700.0, 1.8, 0.0025, 4, 80.0)","(650.0, 1.5, 0.003, 3, 90.0)"
80,"(850.0, 3.5, 0.005, 10, 120.0)","(800.0, 3.0, 0.004, 8, 110.0)","(750.0, 2.8, 0.003, 6, 100.0)","(700.0, 2.5, 0.002, 4, 90.0)","(650.0, 2.0, 0.001, 2, 80.0)"
81,"(700.0, 2.5, 0.005, 10, 100.0)","(650.0, 2.0, 0.008, 12, 80.0)","(600.0, 1.8, 0.01, 15, 60.0)","(550.0, 1.5, 0.012, 12, 50.0)","(500.0, 1.0, 0.015, 10, 40.0)"
82,"(700.0, 1.5, 0.005, 5, 50.0)","(680.0, 1.8, 0.004, 4, 60.0)","(660.0, 2.0, 0.003, 3, 70.0)","(640.0, 2.2, 0.002, 2, 80.0)","(620.0, 2.5, 0.001, 1, 90.0)"
83,"(800.0, 3.0, 0.001, 10, 100.0)","(750.0, 2.5, 0.005, 8, 120.0)","(700.0, 2.0, 0.01, 6, 140.0)","(650.0, 1.5, 0.02, 4, 160.0)","(600.0, 1.0, 0.03, 2, 180.0)"
84,"(750.0, 3.0, 0.001, 10, 50.0)","(700.0, 2.8, 0.002, 8, 60.0)","(650.0, 2.5, 0.003, 6, 70.0)","(600.0, 2.2, 0.004, 4, 80.0)","(550.0, 2.0, 0.005, 2, 90.0)"
85,"(750.0, 2.5, 0.001, 10, 100.0)","(720.0, 2.3, 0.002, 9, 95.0)","(690.0, 2.0, 0.003, 8, 90.0)","(660.0, 1.8, 0.004, 7, 85.0)","(630.0, 1.5, 0.005, 6, 80.0)"
86,"(750.0, 2.0, 0.05, 10, 100.0)","(730.0, 1.8, 0.04, 8, 90.0)","(710.0, 1.6, 0.03, 6, 80.0)","(690.0, 1.4, 0.02, 4, 70.0)","(670.0, 1.2, 0.01, 2, 60.0)"
87,"(800.0, 3.0, 0.005, 10, 100.0)","(750.0, 2.8, 0.006, 9, 90.0)","(700.0, 2.5, 0.007, 8, 80.0)","(650.0, 2.2, 0.008, 7, 70.0)","(600.0, 2.0, 0.009, 6, 60.0)"
88,"(800.0, 2.0, 0.005, 10, 50.0)","(780.0, 1.8, 0.006, 9, 55.0)","(760.0, 1.6, 0.007, 8, 60.0)","(740.0, 1.4, 0.008, 7, 65.0)","(720.0, 1.2, 0.009, 6, 70.0)"
89,"(700.0, 2.5, 0.005, 10, 100.0)","(650.0, 2.0, 0.004, 8, 80.0)","(600.0, 1.8, 0.003, 6, 60.0)","(550.0, 1.5, 0.002, 4, 40.0)","(500.0, 1.2, 0.001, 2, 20.0)"
90,"(700.0, 3.0, 0.002, 10, 80.0)","(680.0, 2.8, 0.003, 8, 70.0)","(650.0, 2.5, 0.004, 6, 60.0)","(620.0, 2.2, 0.005, 4, 50.0)","(600.0, 2.0, 0.006, 2, 40.0)"
91,"(800.0, 3.0, 0.001, 10, 200.0)","(780.0, 2.5, 0.0005, 8, 180.0)","(760.0, 2.0, 0.001, 6, 160.0)","(740.0, 1.8, 0.002, 4, 140.0)","(720.0, 1.5, 0.003, 2, 120.0)"
92,"(750.0, 2.0, 0.01, 10, 50.0)","(700.0, 1.8, 0.02, 9, 60.0)","(650.0, 1.6, 0.03, 8, 70.0)","(600.0, 1.4, 0.04, 7, 80.0)","(550.0, 1.2, 0.05, 6, 90.0)"
93,"(800.0, 3.0, 0.05, 10, 200.0)","(750.0, 2.8, 0.06, 8, 180.0)","(700.0, 2.5, 0.07, 6, 160.0)","(650.0, 2.3, 0.08, 5, 140.0)","(600.0, 2.0, 0.09, 4, 120.0)"
94,"(850.0, 3.0, 0.005, 15, 100.0)","(800.0, 2.8, 0.003, 12, 95.0)","(750.0, 2.5, 0.002, 10, 90.0)","(700.0, 2.0, 0.001, 8, 85.0)","(650.0, 1.5, 0.0005, 5, 80.0)"
95,"(700.0, 1.0, 0.001, 5, 50.0)","(680.0, 1.2, 0.001, 5, 60.0)","(660.0, 1.4, 0.01, 6, 70.0)","(640.0, 1.6, 0.1, 7, 80.0)","(620.0, 1.8, 1.0, 8, 90.0)"
96,"(800.0, 2.5, 0.001, 10, 100.0)","(750.0, 2.0, 0.0015, 10, 120.0)","(700.0, 1.8, 0.01, 5, 150.0)","(650.0, 1.5, 0.015, 3, 200.0)","(600.0, 1.0, 0.02, 2, 300.0)"
97,"(850.0, 3.5, 0.005, 10, 100.0)","(800.0, 3.0, 0.003, 8, 90.0)","(750.0, 2.5, 0.002, 6, 80.0)","(700.0, 2.0, 0.001, 5, 70.0)","(650.0, 1.5, 0.0005, 4, 60.0)"
98,"(800.0, 2.0, 0.01, 5, 50.0)","(750.0, 1.8, 0.02, 4, 60.0)","(700.0, 1.5, 0.03, 3, 70.0)","(650.0, 1.3, 0.04, 2, 80.0)","(600.0, 1.0, 0.05, 1, 90.0)"
99,"(800.0, 3.0, 0.005, 10, 100.0)","(780.0, 2.8, 0.006, 9, 90.0)","(760.0, 2.6, 0.007, 8, 80.0)","(740.0, 2.4, 0.008, 7, 70.0)","(720.0, 2.2, 0.009, 6, 60.0)"
100,"(750.0, 3.5, 0.01, 10, 50.0)","(720.0, 3.0, 0.012, 9, 55.0)","(690.0, 2.5, 0.014, 8, 60.0)","(660.0, 2.0, 0.016, 7, 65.0)","(630.0, 1.5, 0.018, 6, 70.0)"
101,"(800.0, 2.5, 0.0005, 10, 100.0)","(750.0, 2.0, 0.001, 8, 120.0)","(700.0, 1.8, 0.002, 7, 140.0)","(650.0, 1.5, 0.003, 5, 160.0)","(600.0, 1.3, 0.004, 4, 180.0)"
102,"(750.0, 2.5, 0.01, 5, 50.0)","(720.0, 2.3, 0.015, 4, 60.0)","(690.0, 2.0, 0.02, 3, 70.0)","(660.0, 1.8, 0.025, 2, 80.0)","(630.0, 1.5, 0.03, 1, 90.0)"
103,"(750.0, 2.5, 0.005, 10, 100.0)","(700.0, 2.3, 0.006, 8, 120.0)","(650.0, 2.1, 0.007, 6, 140.0)","(600.0, 1.9, 0.008, 4, 160.0)","(550.0, 1.7, 0.009, 2, 180.0)"
104,"(700.0, 2.5, 0.01, 10, 100.0)","(680.0, 2.3, 0.008, 12, 120.0)","(660.0, 2.0, 0.007, 14, 140.0)","(640.0, 1.8, 0.006, 15, 160.0)","(620.0, 1.5, 0.005, 13, 180.0)"
105,"(700.0, 2.0, 0.01, 10, 100.0)","(650.0, 1.8, 0.02, 8, 120.0)","(600.0, 1.6, 0.03, 6, 140.0)","(550.0, 1.4, 0.04, 4, 160.0)","(500.0, 1.2, 0.05, 2, 180.0)"
106,"(800.0, 2.0, 0.01, 5, 50.0)","(780.0, 1.9, 0.015, 4, 60.0)","(750.0, 1.8, 0.02, 3, 70.0)","(720.0, 1.7, 0.025, 2, 80.0)","(700.0, 1.5, 0.03, 1, 90.0)"
107,"(750.0, 2.5, 0.01, 10, 50.0)","(700.0, 2.0, 0.015, 8, 60.0)","(650.0, 1.8, 0.02, 6, 70.0)","(600.0, 1.5, 0.025, 4, 80.0)","(550.0, 1.0, 0.03, 2, 90.0)"
108,"(750.0, 2.5, 0.015, 5, 100.0)","(700.0, 2.0, 0.012, 5, 120.0)","(650.0, 1.8, 0.01, 5, 140.0)","(600.0, 1.5, 0.008, 5, 160.0)","(550.0, 1.2, 0.005, 5, 180.0)"
109,"(850.0, 3.5, 0.01, 10, 100.0)","(800.0, 3.0, 0.015, 9, 90.0)","(750.0, 2.5, 0.02, 8, 80.0)","(700.0, 2.0, 0.025, 7, 70.0)","(650.0, 1.5, 0.03, 6, 60.0)"
110,"(700.0, 2.5, 0.01, 10, 100.0)","(680.0, 2.3, 0.015, 8, 120.0)","(650.0, 2.0, 0.02, 6, 140.0)","(630.0, 1.8, 0.025, 4, 160.0)","(600.0, 1.5, 0.03, 2, 180.0)"
111,"(750.0, 1.5, 0.02, 5, 50.0)","(720.0, 1.7, 0.022, 4, 60.0)","(700.0, 1.3, 0.025, 3, 70.0)","(680.0, 1.0, 0.028, 2, 80.0)","(650.0, 0.8, 0.03, 1, 90.0)"
112,"(750.0, 3.0, 0.001, 5, 100.0)","(725.0, 2.5, 0.002, 4, 90.0)","(700.0, 2.0, 0.003, 3, 80.0)","(675.0, 1.8, 0.004, 2, 70.0)","(650.0, 1.5, 0.005, 1, 60.0)"
114,"(700.0, 1.5, 0.0005, 5, 100.0)","(650.0, 2.0, 0.0003, 10, 150.0)","(600.0, 2.5, 0.0002, 15, 200.0)","(550.0, 3.0, 0.0001, 8, 120.0)","(500.0, 3.5, 0.0004, 4, 180.0)"
115,"(700.0, 2.5, 0.001, 5, 50.0)","(680.0, 2.2, 0.0005, 5, 60.0)","(650.0, 1.8, 0.01, 4, 70.0)","(620.0, 1.5, 0.02, 3, 80.0)","(590.0, 1.0, 0.1, 2, 90.0)"
116,"(700.0, 2.0, 0.005, 10, 50.0)","(680.0, 1.8, 0.006, 8, 45.0)","(650.0, 1.6, 0.007, 6, 40.0)","(630.0, 1.5, 0.008, 5, 35.0)","(600.0, 1.0, 0.009, 4, 30.0)"
117,"(850.0, 3.0, 0.0001, 10, 100.0)","(800.0, 2.8, 0.00015, 8, 120.0)","(750.0, 2.5, 0.0002, 6, 140.0)","(700.0, 2.2, 0.00025, 5, 160.0)","(650.0, 2.0, 0.0003, 4, 180.0)"
118,"(750.0, 2.5, 0.01, 10, 50.0)","(725.0, 2.0, 0.015, 8, 60.0)","(700.0, 1.8, 0.02, 5, 70.0)","(680.0, 1.5, 0.025, 4, 80.0)","(650.0, 1.3, 0.03, 3, 90.0)"
120,"(800.0, 3.0, 0.01, 10, 50.0)","(750.0, 3.5, 0.005, 8, 60.0)","(700.0, 3.8, 0.002, 6, 70.0)","(650.0, 4.0, 0.01, 5, 80.0)","(600.0, 4.5, 0.05, 4, 90.0)"
121,"(750.0, 3.0, 0.02, 8, 50.0)","(700.0, 3.5, 0.015, 8, 45.0)","(650.0, 3.0, 0.1, 8, 40.0)","(600.0, 3.5, 0.05, 6, 35.0)","(550.0, 4.0, 0.02, 4, 30.0)"
122,"(850.0, 3.0, 0.001, 5, 100.0)","(800.0, 3.5, 0.01, 7, 90.0)","(750.0, 4.0, 0.1, 8, 80.0)","(700.0, 4.5, 1.0, 10, 70.0)","(650.0, 5.0, 1.0, 15, 60.0)"
123,"(650.0, 2.5, 0.005, 10, 100.0)","(620.0, 2.2, 0.002, 8, 80.0)","(600.0, 2.0, 0.01, 6, 60.0)","(580.0, 1.8, 0.003, 5, 50.0)","(550.0, 1.5, 0.004, 4, 40.0)"
124,"(750.0, 2.0, 0.01, 5, 50.0)","(700.0, 1.8, 0.015, 4, 60.0)","(650.0, 1.5, 0.02, 3, 70.0)","(600.0, 1.3, 0.025, 2, 80.0)","(550.0, 1.0, 0.03, 1, 90.0)"
125,"(750.0, 3.0, 0.001, 5, 50.0)","(700.0, 3.5, 0.002, 6, 60.0)","(650.0, 3.0, 0.003, 7, 70.0)","(600.0, 2.5, 0.004, 8, 80.0)","(550.0, 2.0, 0.005, 9, 90.0)"
126,"(700.0, 2.0, 0.01, 5, 50.0)","(680.0, 2.2, 0.012, 4, 55.0)","(650.0, 2.4, 0.015, 3, 60.0)","(630.0, 2.6, 0.018, 2, 65.0)","(600.0, 2.8, 0.02, 1, 70.0)"
127,"(700.0, 3.0, 0.002, 10, 80.0)","(680.0, 3.5, 0.004, 8, 100.0)","(650.0, 4.0, 0.006, 6, 120.0)","(620.0, 4.5, 0.008, 5, 150.0)","(600.0, 5.0, 0.01, 4, 200.0)"
128,"(850.0, 3.0, 0.005, 10, 80.0)","(800.0, 2.5, 0.008, 9, 75.0)","(750.0, 2.0, 0.01, 8, 70.0)","(700.0, 1.8, 0.015, 7, 65.0)","(650.0, 1.5, 0.02, 6, 60.0)"
129,"(700.0, 2.0, 0.05, 5, 50.0)","(650.0, 1.8, 0.04, 4, 60.0)","(600.0, 1.5, 0.03, 3, 70.0)","(550.0, 1.2, 0.02, 2, 80.0)","(500.0, 1.0, 0.01, 1, 90.0)"
130,"(750.0, 2.5, 0.05, 10, 100.0)","(700.0, 2.0, 0.04, 8, 120.0)","(650.0, 1.8, 0.03, 6, 150.0)","(600.0, 1.5, 0.02, 5, 200.0)","(550.0, 1.0, 0.01, 4, 250.0)"
131,"(800.0, 2.0, 0.001, 5, 100.0)","(750.0, 1.8, 0.002, 6, 120.0)","(700.0, 1.6, 0.003, 4, 140.0)","(650.0, 1.4, 0.004, 3, 160.0)","(600.0, 1.2, 0.005, 2, 180.0)"
132,"(800.0, 3.0, 0.001, 10, 200.0)","(780.0, 2.8, 0.0015, 9, 180.0)","(760.0, 2.5, 0.002, 8, 160.0)","(740.0, 2.3, 0.0025, 7, 140.0)","(720.0, 2.0, 0.003, 6, 120.0)"
133,"(700.0, 1.5, 0.003, 5, 100.0)","(720.0, 1.2, 0.002, 5, 95.0)","(750.0, 1.8, 0.004, 5, 110.0)","(780.0, 1.0, 0.001, 4, 80.0)","(800.0, 0.8, 0.0005, 3, 70.0)"
134,"(750.0, 1.5, 0.001, 5, 50.0)","(700.0, 1.8, 0.002, 4, 60.0)","(650.0, 2.0, 0.003, 3, 70.0)","(600.0, 2.2, 0.004, 2, 80.0)","(550.0, 2.5, 0.005, 1, 90.0)"
135,"(800.0, 3.0, 0.1, 5, 200.0)","(780.0, 2.8, 0.15, 5, 180.0)","(760.0, 2.6, 0.2, 5, 160.0)","(740.0, 2.4, 0.25, 5, 140.0)","(720.0, 2.2, 0.3, 5, 120.0)"
136,"(800.0, 2.0, 0.001, 10, 80.0)","(780.0, 2.2, 0.0012, 9, 90.0)","(760.0, 2.5, 0.0014, 8, 100.0)","(740.0, 2.8, 0.0016, 7, 110.0)","(720.0, 3.0, 0.0018, 6, 120.0)"
137,"(750.0, 3.0, 0.001, 10, 200.0)","(720.0, 2.5, 0.0015, 8, 180.0)","(690.0, 2.0, 0.002, 6, 160.0)","(660.0, 1.5, 0.0025, 4, 140.0)","(630.0, 1.0, 0.003, 2, 120.0)"
138,"(750.0, 2.5, 0.005, 5, 50.0)","(700.0, 2.3, 0.006, 4, 55.0)","(650.0, 2.0, 0.007, 3, 60.0)","(600.0, 1.8, 0.008, 2, 65.0)","(550.0, 1.5, 0.009, 1, 70.0)"
139,"(750.0, 3.0, 0.001, 10, 50.0)","(700.0, 2.8, 0.0015, 9, 60.0)","(650.0, 2.5, 0.002, 8, 70.0)","(600.0, 2.2, 0.0025, 7, 80.0)","(550.0, 2.0, 0.003, 6, 90.0)"
140,"(750.0, 1.0, 0.1, 5, 20.0)","(700.0, 1.2, 0.09, 6, 22.0)","(650.0, 1.4, 0.08, 7, 24.0)","(600.0, 1.6, 0.07, 8, 26.0)","(550.0, 1.8, 0.06, 9, 28.0)"
141,"(800.0, 3.0, 0.005, 10, 50.0)","(750.0, 2.8, 0.006, 9, 55.0)","(700.0, 2.5, 0.007, 8, 60.0)","(650.0, 2.2, 0.008, 7, 65.0)","(600.0, 2.0, 0.009, 6, 70.0)"
142,"(700.0, 1.5, 0.002, 10, 100.0)","(650.0, 2.0, 0.003, 8, 90.0)","(600.0, 1.0, 0.001, 5, 80.0)","(550.0, 1.8, 0.004, 3, 70.0)","(500.0, 2.5, 0.005, 2, 60.0)"
143,"(700.0, 2.0, 0.02, 10, 100.0)","(650.0, 1.8, 0.03, 8, 120.0)","(600.0, 1.5, 0.04, 6, 140.0)","(550.0, 1.3, 0.05, 4, 160.0)","(500.0, 1.0, 0.06, 2, 180.0)"
144,"(750.0, 2.5, 0.001, 10, 500.0)","(720.0, 2.3, 0.0012, 9, 400.0)","(700.0, 2.0, 0.0015, 8, 300.0)","(680.0, 1.8, 0.002, 7, 200.0)","(650.0, 1.5, 0.0025, 6, 100.0)"
145,"(700.0, 2.5, 0.001, 10, 50.0)","(650.0, 2.0, 0.0015, 8, 60.0)","(600.0, 1.8, 0.002, 6, 70.0)","(550.0, 1.5, 0.0025, 5, 80.0)","(500.0, 1.0, 0.003, 4, 90.0)"
146,"(650.0, 2.5, 0.005, 5, 50.0)","(630.0, 2.3, 0.006, 4, 60.0)","(610.0, 2.1, 0.007, 3, 70.0)","(590.0, 1.9, 0.008, 2, 80.0)","(570.0, 1.7, 0.009, 1, 90.0)"
147,"(700.0, 2.5, 0.001, 10, 50.0)","(680.0, 2.3, 0.0012, 9, 60.0)","(650.0, 2.0, 0.0015, 8, 70.0)","(630.0, 1.8, 0.002, 7, 80.0)","(600.0, 1.6, 0.0025, 6, 90.0)"
149,"(750.0, 2.0, 0.0001, 1, 50.0)","(700.0, 2.5, 0.00015, 2, 60.0)","(650.0, 1.8, 0.0002, 3, 70.0)","(600.0, 1.5, 0.00025, 4, 80.0)","(550.0, 1.2, 0.0003, 5, 90.0)"
150,"(750.0, 2.5, 0.005, 10, 100.0)","(720.0, 2.0, 0.003, 8, 80.0)","(680.0, 1.8, 0.002, 6, 60.0)","(650.0, 1.5, 0.001, 4, 40.0)","(620.0, 1.2, 0.0008, 2, 20.0)"
151,"(800.0, 3.0, 0.0001, 10, 100.0)","(780.0, 2.8, 0.0002, 8, 90.0)","(760.0, 2.5, 0.0003, 6, 80.0)","(740.0, 2.2, 0.0004, 4, 70.0)","(720.0, 2.0, 0.0005, 2, 60.0)"
152,"(750.0, 3.0, 0.0005, 10, 100.0)","(700.0, 2.5, 0.001, 8, 90.0)","(650.0, 2.0, 0.002, 6, 80.0)","(600.0, 1.5, 0.003, 4, 70.0)","(550.0, 1.0, 0.004, 2, 60.0)"
153,"(750.0, 2.5, 0.005, 10, 100.0)","(700.0, 2.0, 0.01, 8, 120.0)","(650.0, 1.8, 0.02, 6, 140.0)","(600.0, 1.5, 0.03, 4, 160.0)","(550.0, 1.2, 0.04, 2, 180.0)"
154,"(700.0, 2.0, 0.001, 5, 100.0)","(680.0, 1.8, 0.002, 4, 90.0)","(660.0, 1.6, 0.003, 3, 80.0)","(640.0, 1.4, 0.004, 2, 70.0)","(620.0, 1.2, 0.005, 1, 60.0)"
155,"(850.0, 3.0, 0.01, 10, 50.0)","(800.0, 2.5, 0.01, 8, 60.0)","(750.0, 2.0, 0.1, 6, 70.0)","(700.0, 1.5, 0.005, 4, 80.0)","(650.0, 1.0, 0.001, 2, 90.0)"
156,"(750.0, 2.5, 0.005, 10, 100.0)","(700.0, 2.0, 0.006, 8, 80.0)","(650.0, 1.8, 0.007, 6, 60.0)","(600.0, 1.5, 0.008, 4, 40.0)","(550.0, 1.0, 0.009, 2, 20.0)"
157,"(850.0, 2.5, 0.005, 8, 80.0)","(800.0, 2.2, 0.004, 7, 85.0)","(750.0, 2.0, 0.003, 6, 90.0)","(700.0, 1.8, 0.002, 5, 95.0)","(650.0, 1.5, 0.001, 4, 100.0)"
158,"(800.0, 3.0, 0.01, 10, 100.0)","(780.0, 2.5, 0.015, 8, 80.0)","(760.0, 2.0, 0.02, 6, 60.0)","(740.0, 1.5, 0.025, 4, 40.0)","(720.0, 1.0, 0.03, 2, 20.0)"
159,"(850.0, 3.5, 0.0002, 10, 30.0)","(800.0, 3.0, 0.0003, 9, 35.0)","(750.0, 2.5, 0.0004, 8, 40.0)","(700.0, 2.0, 0.0005, 7, 45.0)","(650.0, 1.5, 0.0006, 6, 50.0)"
160,"(750.0, 3.0, 0.001, 10, 100.0)","(720.0, 2.8, 0.002, 8, 120.0)","(700.0, 2.5, 0.003, 6, 140.0)","(680.0, 2.2, 0.004, 4, 160.0)","(650.0, 2.0, 0.005, 2, 180.0)"
161,"(850.0, 2.5, 0.001, 10, 50.0)","(800.0, 2.0, 0.0005, 8, 100.0)","(750.0, 1.8, 0.002, 6, 200.0)","(700.0, 1.5, 0.003, 4, 300.0)","(650.0, 1.2, 0.004, 2, 400.0)"
162,"(800.0, 3.0, 0.005, 10, 100.0)","(750.0, 2.5, 0.004, 8, 90.0)","(700.0, 2.0, 0.003, 6, 80.0)","(650.0, 1.5, 0.002, 4, 70.0)","(600.0, 1.0, 0.001, 2, 60.0)"
163,"(750.0, 2.5, 0.001, 10, 50.0)","(725.0, 2.0, 0.0015, 8, 60.0)","(700.0, 1.8, 0.002, 6, 70.0)","(675.0, 1.5, 0.0025, 4, 80.0)","(650.0, 1.3, 0.003, 2, 90.0)"
164,"(850.0, 3.0, 0.005, 10, 150.0)","(800.0, 3.5, 0.008, 8, 130.0)","(750.0, 4.0, 0.01, 6, 110.0)","(700.0, 4.5, 0.01, 12, 90.0)","(650.0, 5.0, 0.012, 15, 70.0)"
165,"(850.0, 2.0, 0.02, 10, 50.0)","(800.0, 1.8, 0.015, 8, 60.0)","(750.0, 1.5, 0.01, 6, 70.0)","(700.0, 1.3, 0.005, 4, 80.0)","(650.0, 1.0, 0.002, 2, 90.0)"
166,"(800.0, 2.5, 0.001, 5, 50.0)","(750.0, 2.0, 0.002, 4, 60.0)","(700.0, 1.5, 0.003, 3, 70.0)","(650.0, 1.2, 0.004, 2, 80.0)","(600.0, 1.0, 0.005, 1, 90.0)"
167,"(750.0, 2.0, 5e-05, 5, 50.0)","(700.0, 1.8, 0.0001, 4, 55.0)","(650.0, 1.5, 0.0002, 3, 60.0)","(600.0, 1.3, 0.0003, 2, 65.0)","(550.0, 1.0, 0.0004, 1, 70.0)"
168,"(850.0, 2.5, 0.0001, 10, 100.0)","(800.0, 2.0, 0.0002, 8, 80.0)","(750.0, 1.8, 0.0003, 7, 70.0)","(700.0, 1.5, 0.0004, 6, 60.0)","(650.0, 1.0, 0.0005, 5, 50.0)"
169,"(700.0, 2.5, 0.003, 10, 15.0)","(650.0, 2.0, 0.002, 8, 12.0)","(600.0, 1.8, 0.004, 6, 10.0)","(550.0, 1.5, 0.005, 5, 8.0)","(500.0, 1.0, 0.006, 4, 5.0)"
171,"(750.0, 3.0, 0.001, 10, 30.0)","(700.0, 2.5, 0.0005, 8, 40.0)","(650.0, 2.0, 0.001, 6, 50.0)","(600.0, 1.8, 0.0005, 4, 60.0)","(550.0, 1.5, 0.001, 2, 70.0)"
172,"(850.0, 3.0, 0.02, 10, 100.0)","(800.0, 2.8, 0.015, 9, 95.0)","(750.0, 2.5, 0.01, 8, 90.0)","(700.0, 2.2, 0.005, 7, 85.0)","(650.0, 2.0, 0.003, 6, 80.0)"
173,"(850.0, 3.0, 0.001, 10, 200.0)","(800.0, 2.5, 0.005, 9, 180.0)","(750.0, 2.0, 0.01, 8, 160.0)","(700.0, 1.8, 0.02, 7, 140.0)","(650.0, 1.5, 0.03, 6, 120.0)"
174,"(750.0, 2.5, 0.01, 10, 50.0)","(700.0, 2.0, 0.02, 8, 60.0)","(650.0, 1.8, 0.03, 6, 70.0)","(600.0, 1.5, 0.04, 4, 80.0)","(550.0, 1.2, 0.05, 2, 90.0)"
175,"(800.0, 2.0, 0.001, 10, 50.0)","(780.0, 1.8, 0.002, 8, 60.0)","(760.0, 1.6, 0.003, 6, 70.0)","(740.0, 1.4, 0.004, 4, 80.0)","(720.0, 1.2, 0.005, 2, 90.0)"
176,"(750.0, 2.5, 0.001, 10, 200.0)","(720.0, 2.2, 0.0015, 8, 200.0)","(680.0, 1.9, 0.002, 6, 220.0)","(650.0, 1.7, 0.0025, 4, 250.0)","(600.0, 1.5, 0.003, 2, 300.0)"
177,"(800.0, 3.5, 0.001, 10, 100.0)","(750.0, 3.0, 0.002, 8, 90.0)","(700.0, 2.5, 0.003, 6, 90.0)","(650.0, 2.0, 0.004, 5, 100.0)","(600.0, 1.5, 0.005, 4, 120.0)"
178,"(850.0, 3.5, 0.1, 10, 200.0)","(800.0, 3.0, 0.08, 8, 180.0)","(750.0, 2.5, 0.06, 6, 160.0)","(700.0, 2.0, 0.04, 4, 140.0)","(650.0, 1.5, 0.02, 2, 120.0)"
179,"(850.0, 3.5, 5e-05, 10, 100.0)","(800.0, 3.0, 0.0001, 8, 120.0)","(750.0, 2.5, 0.0002, 6, 150.0)","(700.0, 2.0, 0.0003, 4, 180.0)","(650.0, 1.5, 0.0004, 2, 200.0)"
180,"(800.0, 3.0, 0.1, 5, 50.0)","(750.0, 2.5, 0.05, 4, 60.0)","(700.0, 2.0, 0.1, 3, 70.0)","(650.0, 1.5, 0.2, 2, 80.0)","(600.0, 1.0, 0.3, 1, 90.0)"
181,"(750.0, 1.5, 0.005, 5, 50.0)","(720.0, 1.8, 0.004, 6, 60.0)","(700.0, 2.0, 0.003, 7, 70.0)","(680.0, 2.2, 0.002, 8, 80.0)","(650.0, 2.5, 0.001, 9, 90.0)"
182,"(700.0, 2.0, 0.01, 5, 50.0)","(680.0, 1.8, 0.02, 4, 60.0)","(650.0, 1.5, 0.03, 3, 70.0)","(600.0, 1.3, 0.04, 2, 80.0)","(550.0, 1.0, 0.05, 1, 90.0)"
183,"(800.0, 3.0, 0.0005, 10, 150.0)","(780.0, 3.5, 0.0006, 9, 140.0)","(750.0, 2.8, 0.0007, 8, 130.0)","(720.0, 2.5, 0.0008, 7, 120.0)","(700.0, 2.0, 0.0009, 6, 110.0)"
184,"(750.0, 2.5, 0.001, 5, 100.0)","(700.0, 2.3, 0.0015, 4, 95.0)","(650.0, 2.0, 0.002, 3, 90.0)","(600.0, 1.8, 0.0025, 2, 85.0)","(550.0, 1.5, 0.003, 1, 80.0)"
185,"(750.0, 3.5, 0.005, 15, 100.0)","(700.0, 3.0, 0.004, 12, 120.0)","(650.0, 2.5, 0.003, 10, 140.0)","(600.0, 2.0, 0.002, 8, 160.0)","(550.0, 1.5, 0.001, 6, 180.0)"
186,"(750.0, 2.5, 0.005, 10, 100.0)","(700.0, 2.0, 0.005, 8, 90.0)","(650.0, 1.8, 0.005, 6, 80.0)","(600.0, 1.5, 0.005, 4, 70.0)","(550.0, 1.0, 0.005, 2, 60.0)"
187,"(750.0, 2.5, 0.001, 5, 50.0)","(725.0, 2.2, 0.0015, 4, 60.0)","(700.0, 2.0, 0.002, 3, 70.0)","(675.0, 1.8, 0.0025, 2, 80.0)","(650.0, 1.5, 0.003, 1, 90.0)"
188,"(750.0, 2.5, 0.002, 10, 100.0)","(700.0, 2.0, 0.003, 8, 120.0)","(650.0, 1.8, 0.004, 6, 140.0)","(600.0, 1.5, 0.005, 4, 160.0)","(550.0, 1.0, 0.006, 2, 180.0)"
189,"(800.0, 2.5, 0.005, 10, 200.0)","(750.0, 2.0, 0.0025, 8, 180.0)","(700.0, 1.8, 0.0015, 6, 150.0)","(650.0, 1.5, 0.001, 5, 120.0)","(600.0, 1.3, 0.0005, 3, 100.0)"
190,"(700.0, 2.0, 0.01, 5, 50.0)","(680.0, 2.5, 0.005, 4, 60.0)","(650.0, 3.0, 0.1, 3, 70.0)","(620.0, 3.5, 0.2, 2, 80.0)","(550.0, 4.0, 0.3, 1, 90.0)"
191,"(850.0, 3.0, 0.001, 10, 100.0)","(800.0, 2.5, 0.0015, 8, 90.0)","(750.0, 2.0, 0.002, 6, 80.0)","(700.0, 1.8, 0.003, 5, 70.0)","(650.0, 1.5, 0.004, 4, 60.0)"
192,"(700.0, 3.5, 0.01, 10, 100.0)","(680.0, 3.0, 0.015, 8, 80.0)","(660.0, 2.5, 0.02, 6, 70.0)","(640.0, 2.0, 0.025, 4, 60.0)","(620.0, 1.5, 0.03, 2, 50.0)"
193,"(750.0, 2.5, 0.005, 3, 100.0)","(700.0, 2.0, 0.008, 4, 120.0)","(650.0, 1.8, 0.01, 5, 150.0)","(600.0, 1.5, 0.02, 6, 180.0)","(550.0, 1.0, 0.03, 7, 200.0)"
194,"(700.0, 2.0, 0.01, 5, 100.0)","(650.0, 1.8, 0.02, 4, 90.0)","(600.0, 1.6, 0.03, 3, 80.0)","(550.0, 1.4, 0.04, 2, 70.0)","(500.0, 1.2, 0.05, 1, 60.0)"
195,"(750.0, 2.0, 0.01, 10, 50.0)","(720.0, 2.5, 0.005, 8, 60.0)","(700.0, 1.8, 0.008, 7, 70.0)","(680.0, 1.5, 0.012, 6, 80.0)","(650.0, 0.5, 0.02, 5, 90.0)"
196,"(800.0, 2.0, 0.005, 10, 50.0)","(780.0, 1.8, 0.006, 9, 60.0)","(760.0, 1.6, 0.007, 8, 70.0)","(740.0, 1.4, 0.008, 7, 80.0)","(720.0, 1.2, 0.009, 6, 90.0)"
197,"(800.0, 3.5, 0.0005, 5, 100.0)","(780.0, 3.0, 0.001, 4, 95.0)","(760.0, 2.5, 0.0015, 3, 90.0)","(740.0, 2.0, 0.002, 2, 85.0)","(720.0, 1.5, 0.003, 1, 80.0)"
198,"(750.0, 1.8, 0.01, 5, 150.0)","(730.0, 1.6, 0.008, 4, 120.0)","(710.0, 1.5, 0.007, 4, 100.0)","(680.0, 1.4, 0.006, 3, 90.0)","(660.0, 1.3, 0.005, 2, 80.0)"
199,"(750.0, 1.5, 0.02, 5, 50.0)","(700.0, 2.0, 0.025, 4, 60.0)","(650.0, 2.5, 0.03, 3, 70.0)","(600.0, 3.0, 0.04, 2, 80.0)","(550.0, 3.5, 0.05, 1, 90.0)"
200,"(850.0, 2.5, 0.01, 10, 100.0)","(800.0, 2.0, 0.015, 8, 120.0)","(750.0, 1.8, 0.02, 6, 150.0)","(700.0, 1.5, 0.03, 5, 200.0)","(650.0, 1.2, 0.04, 4, 250.0)"
201,"(800.0, 3.0, 0.005, 10, 100.0)","(780.0, 2.8, 0.004, 9, 95.0)","(760.0, 2.5, 0.003, 8, 90.0)","(740.0, 2.2, 0.002, 7, 85.0)","(720.0, 2.0, 0.001, 6, 80.0)"
202,"(750.0, 1.5, 0.01, 10, 50.0)","(720.0, 1.6, 0.012, 8, 60.0)","(690.0, 1.4, 0.015, 6, 70.0)","(660.0, 1.3, 0.018, 4, 80.0)","(630.0, 1.2, 0.02, 2, 90.0)"
203,"(750.0, 1.8, 0.002, 5, 100.0)","(720.0, 2.0, 0.003, 5, 90.0)","(690.0, 2.2, 0.004, 4, 80.0)","(660.0, 2.4, 0.005, 4, 70.0)","(630.0, 2.6, 0.006, 3, 60.0)"
204,"(800.0, 2.5, 0.001, 10, 200.0)","(750.0, 3.0, 0.005, 10, 250.0)","(700.0, 2.8, 0.01, 8, 300.0)","(650.0, 2.3, 0.015, 7, 350.0)","(600.0, 2.0, 0.02, 6, 400.0)"
205,"(850.0, 3.5, 0.005, 10, 300.0)","(800.0, 3.0, 0.006, 8, 400.0)","(750.0, 2.5, 0.007, 6, 500.0)","(700.0, 2.0, 0.008, 4, 450.0)","(650.0, 1.5, 0.009, 2, 500.0)"
206,"(800.0, 2.0, 0.01, 5, 50.0)","(780.0, 1.8, 0.015, 4, 60.0)","(760.0, 1.6, 0.02, 3, 70.0)","(740.0, 1.4, 0.025, 2, 80.0)","(720.0, 1.2, 0.03, 1, 90.0)"
207,"(850.0, 3.0, 0.005, 10, 150.0)","(800.0, 2.5, 0.006, 8, 140.0)","(750.0, 2.0, 0.007, 6, 130.0)","(700.0, 1.8, 0.008, 4, 120.0)","(650.0, 1.5, 0.009, 2, 110.0)"
208,"(750.0, 2.5, 0.01, 5, 50.0)","(700.0, 2.2, 0.015, 4, 60.0)","(650.0, 2.0, 0.02, 3, 70.0)","(600.0, 1.8, 0.025, 2, 80.0)","(550.0, 1.5, 0.03, 1, 90.0)"
209,"(800.0, 3.0, 0.5, 10, 50.0)","(780.0, 2.8, 0.4, 9, 60.0)","(760.0, 2.6, 0.3, 8, 70.0)","(740.0, 2.4, 0.2, 7, 80.0)","(720.0, 2.2, 0.1, 6, 90.0)"
210,"(800.0, 2.5, 0.1, 10, 100.0)","(750.0, 2.0, 0.01, 7, 80.0)","(700.0, 1.8, 0.02, 5, 60.0)","(650.0, 1.5, 0.03, 3, 50.0)","(600.0, 1.3, 0.04, 2, 40.0)"
211,"(750.0, 1.8, 0.02, 5, 50.0)","(700.0, 1.5, 0.03, 4, 60.0)","(650.0, 1.3, 0.04, 3, 70.0)","(600.0, 1.1, 0.05, 2, 80.0)","(550.0, 0.9, 0.06, 1, 90.0)"
212,"(750.0, 2.0, 0.01, 5, 50.0)","(720.0, 1.8, 0.015, 4, 60.0)","(690.0, 1.6, 0.02, 3, 70.0)","(660.0, 1.4, 0.025, 2, 80.0)","(630.0, 1.2, 0.03, 1, 90.0)"
213,"(800.0, 3.0, 0.005, 10, 200.0)","(780.0, 2.8, 0.006, 9, 190.0)","(760.0, 2.6, 0.007, 8, 180.0)","(740.0, 2.4, 0.008, 7, 170.0)","(720.0, 2.2, 0.009, 6, 160.0)"
214,"(700.0, 2.0, 0.002, 5, 50.0)","(680.0, 1.8, 0.003, 4, 60.0)","(650.0, 1.5, 0.004, 3, 70.0)","(600.0, 1.3, 0.005, 2, 80.0)","(550.0, 1.0, 0.006, 1, 90.0)"
215,"(750.0, 2.5, 0.0001, 10, 30.0)","(700.0, 2.0, 0.0002, 8, 40.0)","(650.0, 1.8, 0.0003, 6, 50.0)","(600.0, 1.5, 0.0004, 4, 60.0)","(550.0, 1.0, 0.0005, 2, 70.0)"
216,"(750.0, 2.5, 0.01, 10, 30.0)","(700.0, 2.0, 0.05, 8, 50.0)","(650.0, 1.8, 0.1, 6, 80.0)","(600.0, 1.5, 0.2, 4, 100.0)","(550.0, 1.2, 0.5, 2, 150.0)"
217,"(800.0, 2.5, 0.005, 10, 200.0)","(780.0, 2.2, 0.004, 8, 180.0)","(760.0, 2.0, 0.003, 6, 160.0)","(740.0, 1.8, 0.002, 5, 140.0)","(720.0, 1.6, 0.01, 3, 120.0)"
218,"(750.0, 3.0, 0.001, 10, 200.0)","(700.0, 2.5, 0.002, 10, 150.0)","(650.0, 2.0, 0.003, 10, 100.0)","(600.0, 1.8, 0.004, 8, 75.0)","(550.0, 1.5, 0.005, 5, 50.0)"
219,"(800.0, 3.0, 0.001, 10, 200.0)","(780.0, 2.5, 0.0015, 8, 180.0)","(760.0, 2.0, 0.002, 6, 160.0)","(740.0, 1.5, 0.0025, 4, 140.0)","(720.0, 1.0, 0.003, 2, 120.0)"
220,"(800.0, 2.5, 0.02, 10, 100.0)","(780.0, 2.4, 0.015, 9, 95.0)","(750.0, 2.3, 0.01, 8, 90.0)","(730.0, 2.2, 0.005, 7, 85.0)","(700.0, 2.1, 0.002, 6, 80.0)"
221,"(800.0, 3.0, 0.0005, 10, 100.0)","(750.0, 2.5, 0.0008, 8, 90.0)","(700.0, 2.0, 0.001, 6, 80.0)","(650.0, 1.8, 0.0012, 4, 70.0)","(600.0, 1.5, 0.0015, 2, 60.0)"
222,"(850.0, 3.5, 0.005, 10, 150.0)","(800.0, 3.0, 0.006, 8, 180.0)","(750.0, 2.5, 0.007, 6, 200.0)","(700.0, 2.0, 0.008, 4, 220.0)","(650.0, 1.5, 0.009, 2, 100.0)"
223,"(850.0, 2.5, 0.0001, 5, 100.0)","(800.0, 2.0, 0.0002, 6, 120.0)","(750.0, 1.8, 0.0003, 7, 150.0)","(700.0, 1.5, 0.0004, 8, 200.0)","(650.0, 1.2, 0.0005, 9, 250.0)"
224,"(800.0, 4.0, 0.001, 10, 100.0)","(750.0, 3.5, 0.0015, 10, 80.0)","(700.0, 3.0, 0.002, 8, 60.0)","(650.0, 2.5, 0.003, 6, 40.0)","(600.0, 2.0, 0.005, 4, 20.0)"
225,"(750.0, 2.0, 0.0001, 10, 100.0)","(700.0, 1.8, 0.0002, 8, 120.0)","(650.0, 1.5, 0.0003, 6, 140.0)","(600.0, 1.3, 0.0004, 4, 160.0)","(550.0, 1.0, 0.0005, 1, 180.0)"
226,"(750.0, 3.0, 0.001, 10, 100.0)","(700.0, 2.8, 0.002, 9, 95.0)","(650.0, 2.6, 0.003, 8, 90.0)","(600.0, 2.4, 0.004, 7, 85.0)","(550.0, 2.2, 0.005, 6, 80.0)"
227,"(750.0, 2.0, 0.01, 10, 100.0)","(700.0, 1.8, 0.002, 8, 90.0)","(650.0, 1.6, 0.0003, 6, 80.0)","(600.0, 1.4, 4e-05, 4, 70.0)","(550.0, 1.2, 5e-05, 2, 60.0)"
228,"(750.0, 2.0, 0.01, 5, 50.0)","(720.0, 1.8, 0.02, 5, 60.0)","(700.0, 1.5, 0.03, 4, 70.0)","(680.0, 1.3, 0.04, 3, 80.0)","(650.0, 1.0, 0.05, 2, 90.0)"
230,"(700.0, 2.5, 0.0005, 3, 50.0)","(650.0, 2.0, 0.0006, 4, 60.0)","(600.0, 1.8, 0.0007, 5, 70.0)","(550.0, 1.5, 0.0008, 6, 80.0)","(500.0, 1.0, 0.0009, 7, 90.0)"
231,"(700.0, 2.5, 0.005, 10, 40.0)","(650.0, 2.0, 0.007, 8, 45.0)","(600.0, 1.8, 0.009, 6, 50.0)","(550.0, 1.5, 0.012, 4, 60.0)","(500.0, 1.0, 0.015, 2, 70.0)"
232,"(700.0, 2.0, 0.01, 10, 100.0)","(680.0, 1.8, 0.015, 9, 90.0)","(650.0, 1.6, 0.02, 8, 80.0)","(620.0, 1.4, 0.025, 7, 70.0)","(600.0, 1.2, 0.03, 6, 60.0)"
233,"(700.0, 1.5, 0.001, 5, 50.0)","(750.0, 2.0, 0.01, 5, 60.0)","(700.0, 1.8, 0.02, 4, 70.0)","(650.0, 1.5, 0.03, 3, 80.0)","(600.0, 1.3, 0.04, 2, 90.0)"
234,"(700.0, 2.0, 0.005, 10, 20.0)","(650.0, 1.8, 0.008, 8, 15.0)","(600.0, 1.6, 0.012, 6, 10.0)","(550.0, 1.4, 0.015, 4, 5.0)","(500.0, 1.2, 0.02, 2, 2.5)"
235,"(750.0, 2.5, 0.01, 5, 50.0)","(700.0, 2.0, 0.015, 4, 45.0)","(650.0, 1.8, 0.02, 3, 40.0)","(600.0, 1.5, 0.025, 2, 35.0)","(550.0, 1.0, 0.03, 1, 30.0)"
236,"(650.0, 2.0, 0.01, 5, 50.0)","(630.0, 1.8, 0.02, 4, 60.0)","(600.0, 1.5, 0.03, 3, 70.0)","(580.0, 1.3, 0.04, 2, 80.0)","(550.0, 1.0, 0.05, 1, 90.0)"
237,"(700.0, 2.5, 0.005, 8, 100.0)","(680.0, 2.3, 0.006, 7, 95.0)","(660.0, 2.1, 0.007, 6, 90.0)","(640.0, 1.9, 0.008, 5, 85.0)","(620.0, 1.7, 0.009, 4, 80.0)"
238,"(700.0, 2.5, 0.001, 10, 50.0)","(680.0, 2.3, 0.0015, 8, 60.0)","(650.0, 2.0, 0.002, 6, 70.0)","(620.0, 1.8, 0.0025, 4, 80.0)","(600.0, 1.5, 0.003, 2, 90.0)"
239,"(750.0, 3.0, 0.001, 5, 100.0)","(700.0, 2.5, 0.002, 4, 120.0)","(650.0, 2.0, 0.003, 3, 150.0)","(600.0, 1.5, 0.004, 2, 180.0)","(550.0, 1.0, 0.005, 1, 200.0)"
240,"(800.0, 2.5, 0.005, 10, 150.0)","(750.0, 2.0, 0.006, 8, 140.0)","(700.0, 1.8, 0.007, 6, 130.0)","(650.0, 1.5, 0.008, 4, 120.0)","(600.0, 1.0, 0.009, 2, 110.0)"
241,"(750.0, 2.5, 0.005, 10, 100.0)","(700.0, 2.0, 0.004, 8, 90.0)","(650.0, 1.8, 0.003, 6, 80.0)","(600.0, 1.5, 0.002, 4, 70.0)","(550.0, 1.0, 0.001, 2, 60.0)"
242,"(850.0, 3.0, 0.005, 10, 200.0)","(800.0, 2.5, 0.004, 8, 180.0)","(750.0, 2.0, 0.003, 6, 160.0)","(700.0, 1.8, 0.002, 5, 140.0)","(650.0, 1.5, 0.001, 4, 120.0)"
243,"(850.0, 3.0, 0.002, 10, 100.0)","(800.0, 2.8, 0.003, 9, 95.0)","(750.0, 2.5, 0.004, 8, 90.0)","(700.0, 2.2, 0.005, 7, 85.0)","(650.0, 2.0, 0.006, 6, 80.0)"
244,"(700.0, 2.5, 0.5, 10, 250.0)","(680.0, 2.0, 0.3, 8, 200.0)","(660.0, 1.5, 0.1, 6, 150.0)","(640.0, 1.0, 0.05, 4, 100.0)","(620.0, 0.5, 0.01, 2, 50.0)"
245,"(700.0, 2.5, 0.1, 10, 100.0)","(650.0, 2.0, 0.08, 8, 80.0)","(600.0, 1.8, 0.05, 6, 60.0)","(550.0, 1.5, 0.03, 4, 40.0)","(500.0, 1.0, 0.1, 2, 20.0)"
246,"(750.0, 2.5, 0.001, 5, 100.0)","(700.0, 2.0, 0.002, 4, 90.0)","(650.0, 1.8, 0.003, 3, 80.0)","(600.0, 1.5, 0.004, 2, 70.0)","(550.0, 1.2, 0.005, 1, 60.0)"
247,"(800.0, 2.5, 0.01, 10, 30.0)","(780.0, 2.3, 0.015, 9, 35.0)","(760.0, 2.1, 0.02, 8, 40.0)","(740.0, 1.9, 0.025, 7, 45.0)","(720.0, 1.7, 0.03, 6, 50.0)"
248,"(850.0, 3.0, 0.002, 10, 100.0)","(800.0, 2.5, 0.003, 5, 150.0)","(750.0, 1.8, 0.004, 3, 180.0)","(700.0, 1.5, 0.005, 2, 200.0)","(650.0, 1.0, 0.01, 1, 300.0)"
249,"(800.0, 3.0, 0.001, 10, 200.0)","(780.0, 2.8, 0.0008, 9, 180.0)","(760.0, 2.6, 0.0006, 8, 160.0)","(740.0, 2.4, 0.0004, 7, 140.0)","(720.0, 2.2, 0.0002, 6, 120.0)"
250,"(750.0, 2.0, 0.0005, 5, 50.0)","(700.0, 1.8, 0.0007, 5, 55.0)","(650.0, 1.6, 0.0009, 5, 60.0)","(600.0, 1.4, 0.0011, 5, 65.0)","(550.0, 1.2, 0.0013, 5, 70.0)"
251,"(850.0, 3.0, 0.001, 10, 100.0)","(800.0, 2.5, 0.0005, 8, 100.0)","(750.0, 2.0, 0.01, 5, 100.0)","(700.0, 1.5, 0.02, 3, 100.0)","(650.0, 1.0, 0.05, 1, 100.0)"
252,"(850.0, 2.0, 5e-05, 5, 200.0)","(800.0, 1.8, 0.0001, 4, 180.0)","(750.0, 1.5, 0.0002, 3, 160.0)","(700.0, 1.3, 0.0003, 2, 140.0)","(650.0, 1.0, 0.0004, 1, 120.0)"
253,"(700.0, 2.5, 0.001, 5, 200.0)","(650.0, 2.0, 0.002, 4, 180.0)","(600.0, 1.8, 0.003, 3, 160.0)","(550.0, 1.5, 0.004, 2, 140.0)","(500.0, 1.3, 0.005, 1, 120.0)"
254,"(700.0, 2.5, 0.005, 10, 150.0)","(650.0, 2.0, 0.006, 8, 180.0)","(600.0, 1.8, 0.007, 6, 200.0)","(550.0, 1.5, 0.008, 5, 220.0)","(500.0, 1.0, 0.009, 4, 250.0)"
255,"(650.0, 2.5, 0.015, 5, 50.0)","(600.0, 2.0, 0.02, 4, 60.0)","(550.0, 1.8, 0.03, 3, 70.0)","(500.0, 1.5, 0.04, 2, 80.0)","(450.0, 1.0, 0.05, 1, 90.0)"
256,"(750.0, 2.0, 0.001, 5, 50.0)","(700.0, 2.2, 0.0012, 6, 60.0)","(650.0, 1.8, 0.0015, 4, 70.0)","(600.0, 1.5, 0.002, 3, 80.0)","(550.0, 1.0, 0.0025, 2, 90.0)"
257,"(700.0, 2.0, 0.001, 10, 200.0)","(650.0, 1.8, 0.002, 8, 180.0)","(600.0, 1.5, 0.003, 6, 160.0)","(550.0, 1.2, 0.004, 4, 140.0)","(500.0, 1.0, 0.005, 2, 120.0)"
258,"(700.0, 2.5, 0.01, 3, 50.0)","(650.0, 2.0, 0.02, 3, 60.0)","(600.0, 1.5, 0.03, 2, 70.0)","(550.0, 1.0, 0.04, 1, 80.0)","(500.0, 0.5, 0.05, 1, 90.0)"
259,"(800.0, 1.5, 0.001, 5, 80.0)","(780.0, 2.0, 0.005, 5, 70.0)","(760.0, 2.5, 0.01, 5, 60.0)","(740.0, 1.0, 0.02, 10, 50.0)","(600.0, 0.5, 0.05, 15, 40.0)"
260,"(800.0, 3.0, 0.005, 10, 30.0)","(780.0, 2.8, 0.0055, 9, 35.0)","(760.0, 2.6, 0.006, 8, 40.0)","(740.0, 2.4, 0.0065, 7, 45.0)","(720.0, 2.2, 0.007, 6, 50.0)"
261,"(750.0, 2.5, 0.001, 10, 150.0)","(700.0, 2.3, 0.002, 8, 140.0)","(650.0, 2.0, 0.003, 6, 130.0)","(600.0, 1.8, 0.004, 4, 120.0)","(550.0, 1.5, 0.005, 2, 100.0)"
263,"(850.0, 3.5, 0.0005, 10, 200.0)","(800.0, 3.0, 0.0006, 8, 180.0)","(750.0, 2.5, 0.0007, 6, 160.0)","(700.0, 2.0, 0.0008, 4, 140.0)","(650.0, 1.5, 0.0009, 2, 120.0)"
264,"(700.0, 2.0, 0.01, 5, 50.0)","(680.0, 1.8, 0.015, 4, 60.0)","(650.0, 1.5, 0.02, 3, 70.0)","(620.0, 1.3, 0.025, 2, 80.0)","(600.0, 1.0, 0.03, 1, 90.0)"
265,"(700.0, 3.0, 0.01, 10, 50.0)","(650.0, 2.5, 0.015, 8, 60.0)","(600.0, 2.0, 0.02, 6, 70.0)","(550.0, 1.5, 0.025, 4, 80.0)","(500.0, 1.0, 0.03, 2, 90.0)"
266,"(750.0, 1.5, 0.001, 5, 50.0)","(700.0, 1.4, 0.002, 4, 55.0)","(650.0, 1.3, 0.003, 3, 60.0)","(600.0, 1.2, 0.004, 2, 65.0)","(550.0, 1.0, 0.005, 1, 70.0)"
267,"(800.0, 3.0, 0.005, 5, 100.0)","(750.0, 2.5, 0.003, 4, 90.0)","(700.0, 2.0, 0.002, 3, 80.0)","(650.0, 1.8, 0.004, 2, 70.0)","(600.0, 1.5, 0.01, 1, 60.0)"
268,"(800.0, 2.5, 0.001, 10, 150.0)","(780.0, 2.0, 0.002, 8, 140.0)","(760.0, 1.8, 0.003, 6, 130.0)","(740.0, 1.5, 0.004, 5, 120.0)","(720.0, 1.3, 0.005, 4, 110.0)"
269,"(750.0, 2.5, 0.0005, 10, 20.0)","(700.0, 2.0, 0.005, 8, 30.0)","(650.0, 1.8, 0.05, 6, 40.0)","(600.0, 1.5, 0.5, 4, 50.0)","(550.0, 1.0, 1.0, 2, 60.0)"
270,"(750.0, 2.0, 0.01, 10, 80.0)","(700.0, 1.8, 0.015, 8, 85.0)","(680.0, 1.6, 0.02, 6, 90.0)","(650.0, 1.4, 0.03, 4, 95.0)","(620.0, 1.2, 0.04, 2, 100.0)"
271,"(700.0, 1.8, 0.001, 10, 50.0)","(680.0, 2.0, 0.002, 8, 60.0)","(720.0, 1.5, 0.003, 12, 70.0)","(650.0, 2.5, 0.004, 5, 80.0)","(750.0, 1.0, 0.005, 15, 90.0)"
272,"(750.0, 3.0, 0.0001, 10, 50.0)","(700.0, 2.8, 0.0002, 9, 55.0)","(650.0, 2.5, 0.0003, 8, 60.0)","(600.0, 2.2, 0.0004, 7, 65.0)","(550.0, 2.0, 0.0005, 6, 70.0)"
273,"(700.0, 2.0, 0.002, 5, 50.0)","(650.0, 1.8, 0.003, 4, 60.0)","(600.0, 1.5, 0.004, 3, 70.0)","(550.0, 1.3, 0.005, 2, 80.0)","(500.0, 1.0, 0.006, 1, 90.0)"
274,"(850.0, 3.0, 0.0001, 10, 100.0)","(800.0, 2.8, 0.0002, 9, 105.0)","(750.0, 2.5, 0.0003, 8, 110.0)","(700.0, 2.0, 0.0004, 7, 115.0)","(650.0, 1.8, 0.0005, 6, 120.0)"
275,"(800.0, 3.0, 0.001, 10, 200.0)","(750.0, 2.5, 0.0005, 8, 180.0)","(700.0, 2.0, 0.001, 6, 160.0)","(650.0, 1.8, 0.002, 5, 140.0)","(600.0, 1.5, 0.003, 4, 120.0)"
276,"(850.0, 3.5, 0.001, 10, 200.0)","(800.0, 3.0, 0.002, 8, 200.0)","(750.0, 2.5, 0.003, 6, 200.0)","(700.0, 2.0, 0.004, 4, 200.0)","(650.0, 1.5, 0.005, 2, 200.0)"
277,"(750.0, 2.5, 0.005, 3, 200.0)","(720.0, 2.0, 0.003, 4, 180.0)","(700.0, 1.8, 0.002, 5, 160.0)","(680.0, 1.6, 0.0015, 6, 140.0)","(650.0, 1.4, 0.001, 7, 120.0)"
278,"(850.0, 3.5, 0.002, 10, 200.0)","(800.0, 3.0, 0.003, 8, 250.0)","(750.0, 2.5, 0.004, 6, 300.0)","(700.0, 2.0, 0.005, 5, 350.0)","(650.0, 1.5, 0.006, 4, 400.0)"
279,"(800.0, 2.5, 0.001, 10, 200.0)","(780.0, 2.2, 0.0015, 9, 180.0)","(760.0, 2.0, 0.002, 8, 160.0)","(740.0, 1.8, 0.0025, 7, 140.0)","(720.0, 1.6, 0.003, 6, 120.0)"
281,"(750.0, 1.8, 0.005, 5, 40.0)","(720.0, 1.5, 0.003, 4, 50.0)","(700.0, 1.3, 0.002, 3, 60.0)","(680.0, 1.0, 0.001, 2, 70.0)","(650.0, 0.8, 0.0005, 1, 80.0)"
282,"(800.0, 2.5, 0.005, 10, 50.0)","(750.0, 2.0, 0.008, 8, 60.0)","(700.0, 1.8, 0.01, 6, 70.0)","(650.0, 1.5, 0.012, 4, 80.0)","(600.0, 1.2, 0.015, 2, 90.0)"
283,"(700.0, 3.0, 0.05, 10, 50.0)","(650.0, 3.5, 0.06, 8, 50.0)","(600.0, 4.0, 0.07, 6, 50.0)","(550.0, 4.5, 0.08, 4, 50.0)","(500.0, 5.0, 0.09, 2, 50.0)"
284,"(750.0, 2.5, 0.01, 5, 50.0)","(700.0, 2.0, 0.01, 5, 55.0)","(650.0, 1.8, 0.01, 5, 60.0)","(600.0, 1.5, 0.01, 5, 65.0)","(550.0, 1.0, 0.01, 5, 70.0)"
285,"(850.0, 3.0, 0.001, 10, 50.0)","(800.0, 2.5, 0.002, 9, 60.0)","(750.0, 2.0, 0.003, 8, 70.0)","(700.0, 1.8, 0.004, 7, 80.0)","(650.0, 1.5, 0.005, 6, 90.0)"
286,"(700.0, 1.5, 0.0001, 10, 50.0)","(650.0, 2.0, 0.0002, 8, 60.0)","(600.0, 2.5, 0.0003, 6, 70.0)","(550.0, 3.0, 0.0004, 4, 80.0)","(500.0, 3.5, 0.0005, 2, 90.0)"
287,"(800.0, 3.0, 0.005, 10, 80.0)","(750.0, 2.5, 0.008, 8, 90.0)","(700.0, 2.0, 0.01, 7, 100.0)","(650.0, 1.5, 0.015, 6, 110.0)","(600.0, 1.0, 0.02, 5, 120.0)"
288,"(800.0, 2.0, 0.001, 5, 100.0)","(750.0, 2.5, 0.0005, 5, 150.0)","(700.0, 3.0, 0.0001, 5, 200.0)","(650.0, 3.5, 0.0002, 5, 250.0)","(600.0, 4.0, 5e-05, 5, 300.0)"
289,"(780.0, 2.5, 0.005, 5, 100.0)","(750.0, 2.0, 0.004, 6, 90.0)","(720.0, 1.8, 0.006, 7, 80.0)","(700.0, 1.5, 0.007, 8, 70.0)","(680.0, 1.2, 0.008, 9, 60.0)"
290,"(750.0, 1.8, 0.01, 10, 50.0)","(730.0, 1.6, 0.02, 8, 60.0)","(710.0, 1.4, 0.03, 6, 70.0)","(690.0, 1.2, 0.04, 4, 80.0)","(670.0, 1.0, 0.05, 2, 90.0)"
291,"(800.0, 3.5, 0.05, 10, 400.0)","(780.0, 3.3, 0.05, 9, 350.0)","(760.0, 3.1, 0.05, 8, 300.0)","(740.0, 2.9, 0.05, 7, 250.0)","(720.0, 2.7, 0.05, 6, 200.0)"
292,"(850.0, 3.0, 0.0001, 10, 200.0)","(800.0, 2.5, 0.0002, 8, 180.0)","(750.0, 2.0, 0.0003, 6, 160.0)","(700.0, 1.5, 0.0004, 5, 140.0)","(650.0, 1.0, 0.0005, 4, 120.0)"
293,"(850.0, 3.5, 0.1, 10, 30.0)","(800.0, 3.0, 0.1, 8, 35.0)","(750.0, 2.5, 0.1, 6, 40.0)","(700.0, 2.0, 0.08, 4, 45.0)","(650.0, 1.5, 0.05, 2, 50.0)"
294,"(850.0, 3.0, 0.1, 10, 200.0)","(820.0, 2.8, 0.12, 9, 180.0)","(790.0, 2.5, 0.15, 8, 160.0)","(760.0, 2.2, 0.18, 7, 140.0)","(730.0, 2.0, 0.2, 6, 120.0)"
295,"(750.0, 3.0, 0.005, 10, 150.0)","(700.0, 2.8, 0.006, 8, 140.0)","(650.0, 2.5, 0.007, 6, 130.0)","(600.0, 2.3, 0.008, 4, 120.0)","(550.0, 2.0, 0.009, 2, 110.0)"
296,"(850.0, 3.0, 0.001, 10, 50.0)","(800.0, 2.5, 0.001, 9, 55.0)","(750.0, 2.0, 0.001, 8, 60.0)","(700.0, 1.8, 0.001, 7, 65.0)","(650.0, 1.5, 0.001, 6, 70.0)"
297,"(750.0, 1.8, 0.015, 5, 50.0)","(720.0, 1.7, 0.02, 4, 55.0)","(700.0, 1.6, 0.025, 4, 60.0)","(680.0, 1.5, 0.03, 3, 65.0)","(650.0, 1.4, 0.035, 3, 70.0)"
298,"(800.0, 2.0, 0.005, 5, 100.0)","(750.0, 1.8, 0.01, 4, 60.0)","(700.0, 1.5, 0.02, 3, 70.0)","(650.0, 1.3, 0.04, 2, 80.0)","(600.0, 1.0, 0.05, 1, 90.0)"
299,"(800.0, 3.0, 0.001, 10, 100.0)","(750.0, 2.5, 0.0015, 8, 80.0)","(700.0, 2.0, 0.002, 6, 85.0)","(650.0, 1.5, 0.003, 4, 90.0)","(550.0, 1.0, 1.0, 1, 50.0)"
300,"(700.0, 2.0, 0.01, 5, 50.0)","(680.0, 1.8, 0.02, 4, 60.0)","(660.0, 1.5, 0.03, 3, 70.0)","(640.0, 1.3, 0.04, 2, 80.0)","(550.0, 1.0, 0.05, 1, 90.0)"
301,"(850.0, 2.5, 0.005, 10, 100.0)","(800.0, 2.2, 0.004, 8, 110.0)","(750.0, 2.0, 0.003, 6, 120.0)","(700.0, 1.8, 0.002, 4, 130.0)","(650.0, 1.5, 0.001, 2, 140.0)"
302,"(850.0, 3.0, 0.005, 10, 150.0)","(800.0, 2.5, 0.004, 8, 140.0)","(750.0, 2.0, 0.003, 6, 130.0)","(700.0, 1.8, 0.002, 5, 120.0)","(650.0, 1.5, 0.001, 3, 100.0)"
303,"(750.0, 2.5, 0.01, 5, 100.0)","(700.0, 2.0, 0.02, 4, 120.0)","(650.0, 1.5, 0.03, 3, 140.0)","(600.0, 1.0, 0.04, 2, 160.0)","(550.0, 0.5, 0.05, 1, 180.0)"
304,"(800.0, 2.5, 0.005, 5, 50.0)","(750.0, 2.0, 0.01, 6, 60.0)","(700.0, 1.8, 0.015, 7, 70.0)","(650.0, 1.6, 0.02, 8, 80.0)","(600.0, 1.5, 0.025, 9, 90.0)"
305,"(800.0, 3.5, 0.005, 10, 100.0)","(750.0, 3.0, 0.01, 8, 120.0)","(700.0, 2.5, 0.015, 6, 150.0)","(650.0, 2.0, 0.02, 4, 200.0)","(600.0, 1.8, 0.03, 3, 250.0)"
306,"(750.0, 2.0, 0.01, 5, 50.0)","(720.0, 1.8, 0.02, 4, 60.0)","(700.0, 1.6, 0.03, 3, 70.0)","(680.0, 1.4, 0.04, 2, 80.0)","(650.0, 1.2, 0.05, 1, 90.0)"
307,"(750.0, 2.0, 0.01, 10, 50.0)","(700.0, 1.8, 0.02, 8, 60.0)","(650.0, 1.6, 0.03, 6, 70.0)","(600.0, 1.4, 0.04, 4, 80.0)","(550.0, 1.2, 0.05, 2, 90.0)"
308,"(800.0, 3.0, 0.005, 5, 150.0)","(780.0, 2.5, 0.006, 5, 140.0)","(760.0, 2.0, 0.007, 4, 130.0)","(740.0, 1.8, 0.008, 4, 120.0)","(720.0, 1.5, 0.009, 3, 110.0)"
309,"(750.0, 2.5, 0.01, 5, 100.0)","(700.0, 2.0, 0.01, 5, 120.0)","(650.0, 1.8, 0.01, 5, 150.0)","(600.0, 1.5, 0.01, 5, 180.0)","(550.0, 1.2, 0.01, 5, 200.0)"
310,"(650.0, 1.5, 0.01, 10, 200.0)","(620.0, 1.4, 0.015, 8, 180.0)","(600.0, 1.3, 0.02, 6, 160.0)","(580.0, 1.2, 0.025, 4, 140.0)","(550.0, 1.1, 0.03, 2, 120.0)"
311,"(800.0, 2.0, 0.005, 8, 100.0)","(750.0, 1.8, 0.004, 6, 120.0)","(700.0, 1.6, 0.003, 4, 140.0)","(650.0, 1.4, 0.002, 2, 160.0)","(600.0, 1.2, 0.001, 1, 180.0)"
312,"(750.0, 2.0, 0.01, 5, 50.0)","(700.0, 2.5, 0.05, 5, 100.0)","(650.0, 3.0, 0.1, 5, 150.0)","(600.0, 3.5, 0.1, 6, 200.0)","(550.0, 4.0, 0.1, 7, 250.0)"
313,"(800.0, 2.0, 0.1, 5, 100.0)","(780.0, 1.8, 0.02, 4, 90.0)","(750.0, 1.5, 0.03, 3, 80.0)","(720.0, 1.3, 0.04, 2, 70.0)","(700.0, 1.0, 0.05, 1, 60.0)"
314,"(750.0, 2.5, 0.001, 10, 50.0)","(700.0, 2.3, 0.01, 8, 60.0)","(650.0, 2.0, 0.1, 6, 70.0)","(600.0, 1.7, 1.0, 5, 80.0)","(550.0, 1.5, 10.0, 4, 90.0)"
315,"(850.0, 3.0, 0.001, 10, 100.0)","(820.0, 2.8, 0.0015, 8, 90.0)","(790.0, 2.5, 0.002, 6, 80.0)","(760.0, 2.0, 0.003, 4, 70.0)","(730.0, 1.8, 0.004, 2, 60.0)"
316,"(750.0, 3.0, 0.001, 5, 100.0)","(700.0, 2.5, 0.0015, 6, 90.0)","(650.0, 2.0, 0.002, 7, 80.0)","(600.0, 1.5, 0.003, 8, 70.0)","(550.0, 1.0, 0.004, 9, 60.0)"
317,"(750.0, 2.5, 0.001, 5, 100.0)","(725.0, 2.0, 0.0015, 6, 90.0)","(700.0, 1.8, 0.002, 7, 80.0)","(675.0, 1.5, 0.0025, 8, 70.0)","(650.0, 1.2, 0.003, 9, 60.0)"
318,"(750.0, 2.5, 0.02, 8, 200.0)","(730.0, 2.3, 0.018, 7, 180.0)","(710.0, 2.0, 0.016, 6, 160.0)","(690.0, 1.8, 0.014, 5, 140.0)","(670.0, 1.5, 0.012, 4, 120.0)"
319,"(850.0, 3.0, 0.01, 10, 50.0)","(800.0, 2.5, 0.02, 8, 60.0)","(750.0, 2.0, 0.03, 6, 70.0)","(700.0, 1.8, 0.04, 5, 80.0)","(650.0, 1.5, 0.05, 4, 90.0)"
320,"(750.0, 2.5, 0.001, 10, 30.0)","(720.0, 2.0, 0.0005, 8, 35.0)","(690.0, 1.8, 0.001, 6, 40.0)","(660.0, 1.5, 0.002, 4, 45.0)","(630.0, 1.2, 0.003, 2, 50.0)"
321,"(750.0, 2.5, 0.003, 4, 150.0)","(700.0, 2.0, 0.002, 3, 120.0)","(650.0, 1.8, 0.001, 5, 100.0)","(600.0, 1.5, 0.0005, 2, 80.0)","(550.0, 1.2, 0.0001, 1, 60.0)"
322,"(700.0, 2.5, 0.001, 5, 50.0)","(680.0, 3.0, 0.002, 6, 60.0)","(660.0, 3.5, 0.003, 7, 70.0)","(640.0, 4.0, 0.004, 8, 80.0)","(620.0, 4.5, 0.005, 9, 90.0)"
323,"(750.0, 2.5, 0.0005, 5, 100.0)","(700.0, 3.0, 0.0005, 5, 120.0)","(650.0, 2.0, 0.0007, 6, 140.0)","(600.0, 1.5, 0.0009, 7, 160.0)","(550.0, 1.0, 0.001, 15, 200.0)"
324,"(800.0, 3.0, 0.005, 10, 100.0)","(750.0, 2.5, 0.007, 8, 120.0)","(700.0, 2.0, 0.009, 6, 140.0)","(650.0, 1.8, 0.011, 4, 160.0)","(600.0, 1.5, 0.013, 2, 180.0)"
325,"(750.0, 3.0, 0.001, 10, 100.0)","(700.0, 2.8, 0.0012, 8, 120.0)","(650.0, 2.5, 0.0014, 6, 140.0)","(600.0, 2.2, 0.0016, 4, 160.0)","(550.0, 2.0, 0.0018, 2, 180.0)"
326,"(650.0, 2.0, 0.003, 8, 80.0)","(700.0, 2.5, 0.005, 10, 100.0)","(600.0, 1.5, 0.002, 6, 60.0)","(550.0, 1.0, 0.001, 4, 40.0)","(500.0, 0.5, 0.0005, 2, 20.0)"
327,"(700.0, 2.0, 0.001, 5, 50.0)","(680.0, 2.5, 0.0015, 6, 60.0)","(660.0, 3.0, 0.002, 7, 70.0)","(640.0, 3.5, 0.0025, 8, 80.0)","(620.0, 4.0, 0.003, 9, 90.0)"
328,"(800.0, 3.0, 0.005, 10, 50.0)","(780.0, 2.8, 0.004, 8, 55.0)","(760.0, 2.6, 0.003, 6, 60.0)","(740.0, 2.4, 0.002, 4, 65.0)","(720.0, 2.2, 0.001, 2, 70.0)"
329,"(850.0, 3.5, 0.02, 10, 300.0)","(800.0, 3.0, 0.015, 8, 250.0)","(750.0, 2.5, 0.01, 6, 200.0)","(700.0, 2.0, 0.005, 5, 150.0)","(650.0, 1.5, 0.0025, 3, 100.0)"
330,"(750.0, 2.5, 0.001, 5, 100.0)","(700.0, 2.0, 0.002, 4, 120.0)","(650.0, 1.8, 0.003, 3, 150.0)","(600.0, 1.5, 0.004, 2, 180.0)","(550.0, 1.0, 0.005, 1, 200.0)"
331,"(750.0, 3.0, 0.002, 10, 80.0)","(700.0, 2.5, 0.003, 8, 60.0)","(650.0, 2.0, 0.004, 6, 40.0)","(600.0, 1.5, 0.005, 4, 30.0)","(550.0, 1.0, 0.006, 2, 20.0)"
332,"(750.0, 2.5, 0.01, 10, 80.0)","(700.0, 2.0, 0.015, 8, 75.0)","(650.0, 1.8, 0.02, 6, 70.0)","(600.0, 1.5, 0.025, 5, 65.0)","(550.0, 1.0, 0.03, 3, 60.0)"
333,"(800.0, 3.0, 0.005, 10, 150.0)","(780.0, 2.8, 0.006, 9, 140.0)","(760.0, 2.5, 0.007, 8, 130.0)","(740.0, 2.3, 0.008, 7, 120.0)","(720.0, 2.0, 0.009, 6, 110.0)"
334,"(850.0, 4.0, 0.001, 10, 100.0)","(820.0, 3.8, 0.0015, 9, 95.0)","(780.0, 3.5, 0.002, 8, 90.0)","(750.0, 3.0, 0.0025, 7, 85.0)","(700.0, 2.5, 0.003, 6, 80.0)"
335,"(800.0, 2.5, 0.03, 10, 150.0)","(780.0, 2.3, 0.025, 8, 140.0)","(800.0, 2.5, 0.03, 10, 150.0)","(780.0, 2.3, 0.025, 8, 140.0)","(760.0, 2.0, 0.02, 6, 130.0)"
336,"(750.0, 2.0, 0.01, 10, 100.0)","(700.0, 1.8, 0.015, 9, 90.0)","(650.0, 1.6, 0.02, 8, 80.0)","(600.0, 1.4, 0.025, 7, 70.0)","(550.0, 1.2, 0.03, 6, 60.0)"
337,"(750.0, 2.5, 0.0001, 10, 50.0)","(730.0, 2.8, 0.00012, 8, 60.0)","(710.0, 3.1, 0.00014, 6, 70.0)","(690.0, 3.4, 0.00016, 4, 80.0)","(670.0, 3.7, 0.00018, 2, 90.0)"
338,"(800.0, 3.0, 0.005, 10, 100.0)","(750.0, 2.5, 0.006, 8, 120.0)","(700.0, 2.0, 0.007, 6, 140.0)","(650.0, 1.8, 0.008, 4, 160.0)","(600.0, 1.5, 0.009, 2, 180.0)"
339,"(700.0, 1.5, 0.002, 5, 50.0)","(650.0, 1.8, 0.003, 5, 70.0)","(620.0, 2.0, 0.004, 5, 85.0)","(600.0, 2.2, 0.005, 5, 100.0)","(550.0, 2.5, 0.006, 4, 120.0)"
340,"(800.0, 3.5, 0.1, 5, 200.0)","(750.0, 3.0, 0.05, 4, 150.0)","(700.0, 2.5, 0.02, 3, 100.0)","(650.0, 2.0, 0.01, 2, 75.0)","(600.0, 1.5, 0.005, 1, 50.0)"
341,"(800.0, 3.5, 0.01, 10, 200.0)","(750.0, 4.0, 0.015, 10, 250.0)","(700.0, 3.0, 0.012, 12, 300.0)","(650.0, 2.5, 0.018, 14, 350.0)","(600.0, 2.0, 0.02, 15, 400.0)"
342,"(700.0, 3.0, 0.001, 10, 200.0)","(750.0, 2.5, 0.01, 8, 250.0)","(650.0, 2.0, 0.03, 6, 300.0)","(600.0, 1.8, 0.05, 4, 350.0)","(550.0, 1.5, 0.1, 2, 400.0)"
343,"(750.0, 2.5, 0.002, 10, 50.0)","(730.0, 2.2, 0.003, 8, 60.0)","(710.0, 1.9, 0.004, 6, 70.0)","(690.0, 1.6, 0.005, 4, 80.0)","(670.0, 1.3, 0.006, 2, 90.0)"
344,"(800.0, 4.0, 0.001, 10, 200.0)","(750.0, 3.5, 0.002, 12, 250.0)","(700.0, 3.0, 0.003, 14, 300.0)","(650.0, 2.5, 0.004, 15, 350.0)","(600.0, 1.5, 0.005, 15, 400.0)"
345,"(750.0, 2.0, 0.005, 3, 50.0)","(700.0, 1.8, 0.006, 4, 60.0)","(650.0, 1.5, 0.007, 5, 70.0)","(600.0, 1.3, 0.008, 6, 80.0)","(550.0, 1.0, 0.009, 7, 90.0)"
346,"(800.0, 3.0, 0.02, 10, 100.0)","(750.0, 2.8, 0.025, 8, 80.0)","(700.0, 2.5, 0.03, 6, 120.0)","(650.0, 2.0, 0.035, 5, 150.0)","(600.0, 1.8, 0.04, 4, 200.0)"
347,"(750.0, 2.0, 0.01, 10, 100.0)","(700.0, 1.8, 0.02, 8, 120.0)","(650.0, 1.6, 0.03, 7, 140.0)","(600.0, 1.4, 0.04, 6, 160.0)","(550.0, 1.2, 0.05, 5, 180.0)"
348,"(700.0, 2.5, 0.005, 4, 40.0)","(650.0, 2.0, 0.01, 5, 45.0)","(600.0, 1.5, 0.02, 6, 50.0)","(550.0, 1.2, 0.03, 7, 55.0)","(500.0, 1.0, 0.04, 8, 60.0)"
349,"(700.0, 1.5, 0.0005, 5, 50.0)","(650.0, 1.8, 0.0003, 4, 60.0)","(600.0, 2.0, 0.001, 3, 70.0)","(550.0, 2.2, 0.002, 2, 80.0)","(500.0, 2.5, 0.005, 1, 90.0)"
350,"(700.0, 2.0, 0.0001, 10, 20.0)","(680.0, 1.8, 0.00015, 9, 25.0)","(660.0, 1.6, 0.0002, 8, 30.0)","(640.0, 1.4, 0.00025, 7, 35.0)","(620.0, 1.2, 0.0003, 6, 40.0)"
351,"(700.0, 3.0, 0.001, 6, 180.0)","(650.0, 3.5, 0.005, 5, 200.0)","(600.0, 2.5, 0.01, 4, 170.0)","(550.0, 2.0, 0.05, 3, 160.0)","(500.0, 1.5, 1.0, 2, 150.0)"
352,"(700.0, 2.0, 0.001, 5, 50.0)","(680.0, 1.8, 0.0015, 4, 60.0)","(660.0, 1.6, 0.002, 3, 70.0)","(640.0, 1.4, 0.0025, 2, 80.0)","(620.0, 1.2, 0.003, 1, 90.0)"
353,"(700.0, 3.0, 0.005, 5, 50.0)","(650.0, 2.8, 0.008, 5, 60.0)","(600.0, 2.6, 0.011, 5, 70.0)","(550.0, 2.4, 0.014, 5, 80.0)","(500.0, 2.2, 0.017, 5, 90.0)"
354,"(700.0, 2.5, 0.001, 5, 100.0)","(650.0, 2.0, 0.002, 7, 95.0)","(600.0, 1.8, 0.003, 8, 90.0)","(550.0, 1.5, 0.004, 10, 85.0)","(500.0, 1.0, 0.005, 15, 80.0)"
355,"(850.0, 2.5, 0.005, 3, 50.0)","(800.0, 2.3, 0.006, 4, 55.0)","(750.0, 2.0, 0.007, 5, 60.0)","(700.0, 1.8, 0.008, 6, 65.0)","(650.0, 1.5, 0.009, 7, 70.0)"
356,"(750.0, 2.5, 0.001, 10, 30.0)","(700.0, 2.0, 0.002, 8, 40.0)","(650.0, 1.8, 0.003, 6, 50.0)","(600.0, 1.5, 0.004, 4, 60.0)","(550.0, 1.0, 0.005, 2, 70.0)"
357,"(700.0, 2.5, 0.05, 5, 200.0)","(650.0, 2.0, 0.03, 3, 250.0)","(600.0, 1.8, 0.02, 4, 280.0)","(550.0, 1.5, 0.01, 3, 300.0)","(500.0, 1.0, 0.008, 2, 320.0)"
358,"(800.0, 3.0, 0.001, 10, 100.0)","(780.0, 2.5, 0.002, 8, 80.0)","(760.0, 2.0, 0.003, 6, 60.0)","(740.0, 1.5, 0.004, 4, 40.0)","(720.0, 1.0, 0.005, 2, 20.0)"
359,"(800.0, 3.0, 0.005, 10, 150.0)","(780.0, 2.8, 0.004, 8, 140.0)","(760.0, 2.5, 0.003, 6, 130.0)","(740.0, 2.3, 0.002, 4, 120.0)","(720.0, 2.0, 0.001, 2, 110.0)"
360,"(800.0, 2.5, 0.005, 5, 100.0)","(750.0, 2.0, 0.01, 6, 90.0)","(700.0, 1.8, 0.015, 7, 80.0)","(650.0, 1.6, 0.02, 8, 70.0)","(600.0, 1.4, 0.025, 9, 60.0)"
361,"(750.0, 2.5, 0.005, 10, 100.0)","(720.0, 2.3, 0.006, 8, 90.0)","(690.0, 2.0, 0.007, 6, 80.0)","(660.0, 1.8, 0.008, 4, 70.0)","(630.0, 1.5, 0.009, 2, 60.0)"
362,"(700.0, 2.0, 0.001, 10, 100.0)","(680.0, 1.8, 0.002, 8, 90.0)","(650.0, 1.5, 0.003, 6, 80.0)","(620.0, 1.2, 0.004, 5, 70.0)","(600.0, 1.0, 0.005, 4, 60.0)"
363,"(800.0, 3.0, 0.001, 10, 100.0)","(750.0, 2.5, 0.002, 10, 90.0)","(700.0, 2.0, 0.003, 10, 80.0)","(650.0, 1.5, 0.004, 8, 70.0)","(600.0, 1.0, 0.005, 5, 60.0)"
364,"(800.0, 3.0, 0.001, 10, 100.0)","(750.0, 3.5, 0.002, 10, 120.0)","(700.0, 2.5, 0.003, 12, 140.0)","(650.0, 2.0, 0.004, 14, 160.0)","(600.0, 1.8, 0.005, 15, 180.0)"
365,"(700.0, 2.5, 0.005, 10, 80.0)","(680.0, 2.3, 0.006, 9, 85.0)","(660.0, 2.1, 0.007, 8, 90.0)","(640.0, 1.9, 0.008, 7, 95.0)","(620.0, 1.7, 0.009, 6, 100.0)"
366,"(750.0, 2.0, 0.005, 5, 30.0)","(700.0, 1.8, 0.006, 4, 35.0)","(650.0, 1.5, 0.007, 3, 40.0)","(600.0, 1.3, 0.008, 2, 45.0)","(550.0, 1.0, 0.009, 1, 50.0)"
367,"(700.0, 2.5, 0.001, 10, 100.0)","(650.0, 2.0, 0.0015, 8, 120.0)","(750.0, 3.0, 0.0008, 12, 90.0)","(600.0, 1.8, 0.002, 6, 150.0)","(550.0, 1.5, 0.003, 5, 200.0)"
368,"(850.0, 2.5, 0.0001, 10, 150.0)","(800.0, 2.0, 0.001, 8, 120.0)","(750.0, 1.8, 0.002, 6, 100.0)","(700.0, 1.5, 0.003, 4, 80.0)","(650.0, 1.0, 0.005, 2, 60.0)"
369,"(800.0, 2.5, 0.001, 10, 100.0)","(780.0, 2.3, 0.0015, 9, 110.0)","(760.0, 2.0, 0.002, 8, 120.0)","(740.0, 1.8, 0.0025, 7, 130.0)","(720.0, 1.5, 0.003, 6, 140.0)"
370,"(800.0, 3.0, 0.001, 10, 100.0)","(780.0, 2.8, 0.0015, 9, 95.0)","(760.0, 2.6, 0.002, 8, 90.0)","(740.0, 2.4, 0.0025, 7, 85.0)","(720.0, 2.2, 0.003, 6, 80.0)"
371,"(750.0, 2.5, 0.001, 10, 100.0)","(720.0, 2.0, 0.0015, 8, 90.0)","(700.0, 1.8, 0.002, 6, 80.0)","(680.0, 1.5, 0.0025, 4, 70.0)","(650.0, 1.3, 0.003, 2, 60.0)"
372,"(750.0, 1.0, 0.01, 5, 50.0)","(700.0, 1.2, 0.02, 4, 60.0)","(680.0, 1.5, 0.03, 3, 70.0)","(660.0, 1.8, 0.04, 2, 80.0)","(640.0, 2.0, 0.05, 1, 90.0)"
373,"(850.0, 3.0, 0.005, 10, 200.0)","(800.0, 2.5, 0.004, 8, 180.0)","(750.0, 2.0, 0.003, 6, 160.0)","(700.0, 1.8, 0.002, 4, 140.0)","(650.0, 1.5, 0.001, 2, 120.0)"
374,"(700.0, 2.0, 0.01, 10, 50.0)","(650.0, 1.8, 0.02, 8, 60.0)","(600.0, 1.5, 0.03, 6, 70.0)","(550.0, 1.3, 0.04, 5, 80.0)","(500.0, 1.0, 0.05, 4, 90.0)"
375,"(800.0, 3.0, 0.01, 10, 50.0)","(750.0, 3.2, 0.009, 12, 60.0)","(700.0, 2.5, 0.008, 8, 70.0)","(650.0, 2.0, 0.007, 6, 80.0)","(600.0, 1.5, 0.006, 4, 90.0)"
376,"(700.0, 2.5, 0.005, 8, 100.0)","(680.0, 2.3, 0.02, 7, 90.0)","(660.0, 2.0, 0.03, 6, 80.0)","(640.0, 1.8, 0.04, 5, 70.0)","(620.0, 1.5, 0.05, 4, 60.0)"
377,"(750.0, 3.0, 0.001, 10, 100.0)","(730.0, 2.8, 0.002, 9, 95.0)","(710.0, 2.5, 0.003, 8, 90.0)","(690.0, 2.3, 0.004, 7, 85.0)","(670.0, 2.0, 0.005, 6, 80.0)"
378,"(700.0, 3.0, 0.01, 10, 200.0)","(680.0, 2.8, 0.02, 9, 180.0)","(650.0, 2.5, 0.03, 8, 160.0)","(630.0, 2.2, 0.04, 7, 140.0)","(600.0, 2.0, 0.05, 6, 120.0)"
379,"(700.0, 2.5, 0.001, 10, 100.0)","(680.0, 2.3, 0.002, 8, 95.0)","(660.0, 2.0, 0.003, 7, 90.0)","(640.0, 1.8, 0.004, 6, 85.0)","(620.0, 1.5, 0.005, 5, 80.0)"
380,"(850.0, 3.0, 0.005, 5, 100.0)","(820.0, 2.8, 0.008, 6, 120.0)","(800.0, 2.5, 0.01, 7, 150.0)","(780.0, 2.2, 0.015, 8, 180.0)","(750.0, 2.0, 0.02, 10, 200.0)"
381,"(700.0, 1.8, 0.001, 7, 80.0)","(680.0, 1.6, 0.0015, 6, 75.0)","(720.0, 2.0, 0.0008, 8, 85.0)","(740.0, 1.4, 0.002, 5, 70.0)","(660.0, 2.2, 0.0003, 9, 90.0)"
382,"(800.0, 2.5, 0.001, 10, 30.0)","(750.0, 2.0, 0.002, 8, 40.0)","(700.0, 1.8, 0.003, 6, 50.0)","(650.0, 1.5, 0.004, 4, 60.0)","(600.0, 1.3, 0.005, 2, 70.0)"
383,"(800.0, 2.5, 0.002, 10, 100.0)","(750.0, 2.0, 0.0015, 8, 120.0)","(700.0, 1.8, 0.001, 6, 140.0)","(650.0, 1.5, 0.0008, 4, 160.0)","(600.0, 1.0, 0.0005, 2, 180.0)"
384,"(700.0, 2.5, 0.001, 10, 100.0)","(680.0, 2.0, 0.002, 8, 120.0)","(650.0, 1.8, 0.003, 6, 140.0)","(630.0, 1.5, 0.004, 5, 160.0)","(600.0, 1.0, 0.005, 4, 180.0)"
385,"(800.0, 2.5, 0.001, 10, 50.0)","(750.0, 2.0, 0.002, 8, 60.0)","(700.0, 1.8, 0.003, 6, 70.0)","(650.0, 1.5, 0.004, 4, 80.0)","(600.0, 1.3, 0.005, 2, 90.0)"
386,"(750.0, 3.0, 0.001, 5, 50.0)","(700.0, 2.5, 0.002, 6, 60.0)","(650.0, 2.0, 0.003, 7, 70.0)","(600.0, 1.5, 0.004, 8, 80.0)","(550.0, 1.0, 0.005, 9, 90.0)"
387,"(800.0, 1.5, 0.001, 10, 20.0)","(750.0, 2.0, 0.0015, 8, 25.0)","(700.0, 2.5, 0.002, 6, 30.0)","(650.0, 2.5, 0.0025, 5, 35.0)","(600.0, 3.0, 0.003, 3, 40.0)"
388,"(750.0, 1.5, 0.01, 4, 50.0)","(700.0, 1.4, 0.01, 3, 60.0)","(650.0, 1.3, 0.02, 2, 70.0)","(600.0, 1.2, 0.03, 1, 80.0)","(550.0, 1.0, 0.04, 1, 90.0)"
389,"(750.0, 3.0, 0.005, 8, 100.0)","(700.0, 2.5, 0.004, 7, 90.0)","(650.0, 2.0, 0.003, 6, 80.0)","(600.0, 1.8, 0.002, 5, 70.0)","(550.0, 1.5, 0.001, 4, 60.0)"
390,"(750.0, 3.0, 0.1, 10, 50.0)","(700.0, 2.5, 0.15, 8, 55.0)","(650.0, 2.0, 0.2, 6, 60.0)","(600.0, 1.8, 0.25, 4, 65.0)","(550.0, 1.5, 0.3, 2, 70.0)"
391,"(850.0, 2.5, 0.01, 10, 100.0)","(800.0, 3.0, 0.02, 10, 150.0)","(750.0, 3.5, 0.03, 12, 200.0)","(700.0, 4.0, 0.04, 14, 250.0)","(650.0, 5.0, 0.05, 15, 300.0)"
392,"(750.0, 2.0, 0.005, 5, 100.0)","(720.0, 1.8, 0.006, 4, 110.0)","(700.0, 1.6, 0.007, 6, 120.0)","(680.0, 1.4, 0.008, 3, 130.0)","(650.0, 1.2, 0.009, 2, 140.0)"
393,"(750.0, 2.0, 0.01, 5, 50.0)","(720.0, 1.8, 0.02, 4, 60.0)","(700.0, 1.5, 0.03, 3, 70.0)","(680.0, 1.3, 0.04, 2, 80.0)","(650.0, 1.0, 0.05, 1, 90.0)"
394,"(700.0, 1.0, 0.02, 4, 50.0)","(650.0, 1.5, 0.015, 3, 60.0)","(600.0, 2.0, 0.01, 2, 70.0)","(550.0, 2.5, 0.008, 1, 80.0)","(500.0, 3.0, 0.005, 0, 90.0)"
395,"(800.0, 4.0, 0.001, 10, 50.0)","(780.0, 3.5, 0.002, 8, 60.0)","(760.0, 3.0, 0.003, 6, 70.0)","(740.0, 2.5, 0.004, 4, 80.0)","(720.0, 2.0, 0.005, 2, 90.0)"
396,"(750.0, 3.5, 0.001, 10, 100.0)","(700.0, 3.0, 0.002, 8, 120.0)","(650.0, 2.5, 0.003, 6, 140.0)","(600.0, 2.0, 0.004, 4, 160.0)","(550.0, 1.5, 0.005, 2, 180.0)"
397,"(750.0, 2.5, 0.01, 5, 50.0)","(720.0, 2.0, 0.008, 5, 60.0)","(700.0, 1.8, 0.006, 4, 70.0)","(680.0, 1.5, 0.004, 3, 80.0)","(650.0, 1.2, 0.002, 2, 90.0)"
398,"(750.0, 2.5, 0.001, 10, 40.0)","(725.0, 2.3, 0.0012, 9, 45.0)","(700.0, 2.0, 0.0015, 8, 50.0)","(675.0, 1.8, 0.002, 7, 55.0)","(650.0, 1.5, 0.0025, 6, 60.0)"
399,"(750.0, 3.0, 0.001, 5, 200.0)","(725.0, 2.8, 0.002, 5, 180.0)","(700.0, 2.6, 0.003, 5, 160.0)","(675.0, 2.4, 0.004, 5, 140.0)","(650.0, 2.2, 0.005, 5, 120.0)"
400,"(750.0, 2.5, 0.01, 10, 50.0)","(700.0, 2.0, 0.015, 8, 60.0)","(650.0, 1.8, 0.02, 6, 70.0)","(600.0, 1.5, 0.025, 4, 80.0)","(550.0, 1.0, 0.05, 2, 90.0)"
401,"(700.0, 2.0, 0.02, 5, 50.0)","(650.0, 1.8, 0.02, 5, 60.0)","(600.0, 1.5, 0.03, 4, 70.0)","(550.0, 1.3, 0.04, 3, 80.0)","(500.0, 1.0, 0.05, 2, 90.0)"
402,"(750.0, 2.5, 0.002, 10, 80.0)","(730.0, 2.0, 0.0015, 8, 70.0)","(710.0, 1.8, 0.001, 6, 60.0)","(690.0, 1.5, 0.0008, 5, 50.0)","(670.0, 1.2, 0.0005, 3, 40.0)"
403,"(850.0, 4.0, 0.0001, 10, 100.0)","(800.0, 3.0, 0.001, 8, 90.0)","(750.0, 2.5, 0.01, 6, 80.0)","(700.0, 2.0, 0.1, 4, 70.0)","(650.0, 1.5, 1.0, 2, 60.0)"
404,"(900.0, 5.0, 0.1, 15, 500.0)","(850.0, 4.5, 0.2, 14, 450.0)","(800.0, 4.0, 1.0, 13, 400.0)","(750.0, 3.5, 0.5, 12, 350.0)","(700.0, 3.0, 2.0, 11, 300.0)"
405,"(750.0, 1.5, 0.002, 5, 80.0)","(700.0, 1.8, 0.0015, 6, 70.0)","(650.0, 2.0, 0.001, 7, 60.0)","(600.0, 2.5, 0.0008, 8, 50.0)","(550.0, 3.0, 0.0005, 9, 40.0)"
406,"(800.0, 3.0, 0.0005, 10, 30.0)","(780.0, 2.8, 0.0006, 9, 35.0)","(760.0, 2.5, 0.0007, 8, 40.0)","(740.0, 2.3, 0.0008, 7, 45.0)","(720.0, 2.0, 0.0009, 6, 50.0)"
407,"(800.0, 2.0, 0.001, 5, 50.0)","(750.0, 1.8, 0.0015, 4, 60.0)","(700.0, 1.6, 0.002, 3, 70.0)","(650.0, 1.4, 0.0025, 2, 80.0)","(600.0, 1.2, 0.003, 1, 90.0)"
408,"(750.0, 2.5, 0.01, 5, 50.0)","(700.0, 2.0, 0.02, 4, 60.0)","(650.0, 1.8, 0.03, 3, 70.0)","(600.0, 1.5, 0.04, 2, 80.0)","(550.0, 1.2, 0.05, 1, 90.0)"
409,"(800.0, 2.0, 0.001, 5, 30.0)","(780.0, 1.8, 0.0015, 4, 35.0)","(760.0, 1.6, 0.002, 3, 40.0)","(740.0, 1.4, 0.0025, 2, 45.0)","(720.0, 1.2, 0.003, 1, 50.0)"
410,"(750.0, 2.5, 0.005, 5, 50.0)","(700.0, 2.0, 0.01, 4, 60.0)","(650.0, 1.8, 0.02, 3, 70.0)","(600.0, 1.5, 0.03, 2, 80.0)","(550.0, 1.0, 0.04, 1, 90.0)"
411,"(850.0, 3.0, 0.005, 10, 150.0)","(800.0, 2.5, 0.004, 8, 120.0)","(750.0, 2.0, 0.003, 6, 100.0)","(700.0, 1.8, 0.002, 4, 80.0)","(650.0, 1.5, 0.001, 2, 60.0)"
412,"(750.0, 2.5, 0.001, 10, 50.0)","(700.0, 2.0, 0.002, 8, 60.0)","(650.0, 1.8, 0.003, 6, 70.0)","(600.0, 1.5, 0.004, 4, 80.0)","(550.0, 1.2, 0.005, 2, 90.0)"
413,"(700.0, 3.0, 0.02, 10, 80.0)","(680.0, 2.5, 0.03, 8, 70.0)","(650.0, 2.0, 0.04, 6, 60.0)","(620.0, 1.5, 0.05, 4, 50.0)","(600.0, 1.0, 0.06, 2, 40.0)"
414,"(750.0, 3.0, 0.006, 12, 110.0)","(700.0, 2.5, 0.005, 10, 100.0)","(800.0, 3.5, 0.007, 14, 120.0)","(650.0, 2.0, 0.004, 8, 90.0)","(600.0, 1.8, 0.003, 6, 80.0)"
416,"(750.0, 2.5, 0.01, 5, 100.0)","(700.0, 2.0, 0.02, 4, 90.0)","(650.0, 1.8, 0.03, 3, 80.0)","(600.0, 1.5, 0.04, 2, 70.0)","(550.0, 1.0, 0.05, 1, 60.0)"
417,"(800.0, 3.0, 0.0005, 10, 100.0)","(750.0, 3.0, 0.001, 8, 80.0)","(700.0, 2.5, 0.0004, 6, 60.0)","(650.0, 2.0, 0.0003, 4, 40.0)","(600.0, 1.5, 0.0002, 2, 20.0)"
418,"(850.0, 3.0, 0.001, 10, 200.0)","(800.0, 2.5, 0.0008, 8, 180.0)","(750.0, 2.0, 0.0006, 6, 160.0)","(700.0, 1.8, 0.0004, 5, 140.0)","(650.0, 1.5, 0.0002, 4, 120.0)"
419,"(800.0, 2.5, 0.0001, 10, 100.0)","(780.0, 2.4, 0.00015, 9, 105.0)","(760.0, 2.3, 0.0002, 8, 110.0)","(740.0, 2.2, 0.00025, 7, 115.0)","(720.0, 2.1, 0.0003, 6, 120.0)"
421,"(750.0, 2.0, 0.005, 10, 50.0)","(700.0, 1.8, 0.002, 8, 60.0)","(650.0, 1.5, 0.001, 6, 70.0)","(600.0, 1.3, 0.0005, 4, 80.0)","(550.0, 1.0, 0.0001, 2, 90.0)"
422,"(800.0, 2.5, 0.001, 10, 200.0)","(780.0, 2.0, 0.0015, 12, 180.0)","(760.0, 1.8, 0.002, 14, 160.0)","(740.0, 1.5, 0.003, 15, 140.0)","(720.0, 1.2, 0.005, 15, 120.0)"
423,"(750.0, 3.0, 0.0001, 10, 50.0)","(730.0, 2.5, 0.0002, 8, 60.0)","(700.0, 2.0, 0.0003, 6, 70.0)","(680.0, 1.8, 0.0004, 4, 80.0)","(650.0, 1.5, 0.0005, 2, 90.0)"
424,"(700.0, 2.5, 0.001, 5, 100.0)","(680.0, 2.2, 0.0012, 6, 90.0)","(660.0, 2.0, 0.0014, 7, 80.0)","(640.0, 1.8, 0.0016, 8, 70.0)","(620.0, 1.5, 0.0018, 9, 60.0)"
425,"(700.0, 3.0, 0.01, 10, 50.0)","(650.0, 2.8, 0.012, 8, 60.0)","(600.0, 2.5, 0.015, 6, 70.0)","(550.0, 2.0, 0.02, 4, 80.0)","(500.0, 1.5, 0.03, 2, 90.0)"
426,"(750.0, 2.0, 0.005, 5, 50.0)","(720.0, 1.8, 0.004, 4, 55.0)","(700.0, 1.6, 0.003, 3, 60.0)","(680.0, 1.4, 0.002, 2, 65.0)","(650.0, 1.2, 0.001, 1, 70.0)"
427,"(750.0, 2.5, 0.01, 8, 100.0)","(700.0, 2.0, 0.015, 6, 90.0)","(650.0, 1.8, 0.02, 5, 80.0)","(600.0, 1.5, 0.03, 4, 70.0)","(550.0, 1.0, 0.05, 3, 60.0)"
428,"(800.0, 3.0, 0.05, 10, 50.0)","(750.0, 2.5, 0.06, 10, 60.0)","(700.0, 2.0, 0.07, 5, 70.0)","(650.0, 1.5, 0.08, 3, 80.0)","(600.0, 1.0, 0.09, 1, 90.0)"
429,"(750.0, 2.5, 0.05, 10, 80.0)","(720.0, 2.0, 0.04, 8, 70.0)","(690.0, 1.8, 0.03, 6, 60.0)","(660.0, 1.5, 0.02, 4, 50.0)","(630.0, 1.0, 0.01, 2, 40.0)"
430,"(800.0, 3.5, 0.005, 10, 200.0)","(750.0, 3.0, 0.003, 8, 180.0)","(700.0, 2.5, 0.002, 6, 150.0)","(650.0, 2.0, 0.001, 4, 120.0)","(600.0, 1.5, 0.0005, 2, 100.0)"
431,"(700.0, 2.0, 0.01, 5, 50.0)","(680.0, 1.8, 0.02, 4, 60.0)","(650.0, 1.5, 0.03, 3, 70.0)","(620.0, 1.3, 0.04, 2, 80.0)","(600.0, 1.0, 0.05, 1, 90.0)"
432,"(700.0, 2.0, 0.01, 5, 100.0)","(750.0, 2.5, 0.015, 6, 90.0)","(650.0, 1.8, 0.02, 4, 80.0)","(600.0, 1.5, 0.03, 3, 70.0)","(550.0, 1.0, 0.04, 2, 60.0)"
433,"(700.0, 2.0, 0.01, 5, 100.0)","(680.0, 2.2, 0.015, 6, 90.0)","(660.0, 2.4, 0.02, 7, 80.0)","(640.0, 2.6, 0.025, 8, 70.0)","(620.0, 2.8, 0.03, 9, 60.0)"
434,"(700.0, 2.0, 0.001, 5, 50.0)","(680.0, 1.8, 0.0012, 4, 55.0)","(660.0, 1.5, 0.0014, 3, 60.0)","(640.0, 1.2, 0.0016, 2, 65.0)","(620.0, 1.0, 0.0018, 1, 70.0)"
435,"(750.0, 2.5, 0.003, 5, 50.0)","(700.0, 2.0, 0.004, 5, 70.0)","(680.0, 1.8, 0.005, 5, 90.0)","(650.0, 1.5, 0.006, 5, 110.0)","(630.0, 1.3, 0.007, 5, 130.0)"
436,"(750.0, 3.0, 0.001, 10, 100.0)","(720.0, 2.8, 0.0015, 8, 80.0)","(700.0, 2.5, 0.002, 6, 60.0)","(680.0, 2.2, 0.0025, 4, 40.0)","(650.0, 2.0, 0.003, 2, 20.0)"
437,"(800.0, 4.0, 0.0001, 10, 150.0)","(750.0, 3.5, 0.0002, 8, 140.0)","(700.0, 3.0, 0.0003, 6, 130.0)","(650.0, 2.5, 0.0004, 4, 120.0)","(600.0, 2.0, 0.0005, 2, 110.0)"
438,"(750.0, 3.0, 0.01, 5, 100.0)","(700.0, 2.5, 0.02, 4, 90.0)","(650.0, 2.0, 0.03, 3, 80.0)","(600.0, 1.8, 0.04, 2, 70.0)","(550.0, 1.5, 0.05, 1, 60.0)"
439,"(700.0, 1.5, 0.002, 5, 80.0)","(680.0, 1.8, 0.003, 4, 90.0)","(660.0, 2.0, 0.004, 3, 100.0)","(640.0, 2.2, 0.005, 2, 110.0)","(620.0, 2.5, 0.006, 1, 120.0)"
440,"(700.0, 1.8, 0.01, 5, 60.0)","(680.0, 1.6, 0.008, 4, 55.0)","(650.0, 1.4, 0.006, 3, 50.0)","(620.0, 1.2, 0.004, 2, 45.0)","(600.0, 1.0, 0.002, 1, 40.0)"
441,"(850.0, 3.0, 0.005, 10, 100.0)","(800.0, 2.5, 0.006, 9, 95.0)","(750.0, 2.0, 0.007, 8, 90.0)","(700.0, 1.8, 0.008, 7, 85.0)","(650.0, 1.5, 0.009, 6, 80.0)"
442,"(700.0, 2.0, 0.01, 5, 60.0)","(680.0, 1.8, 0.02, 4, 50.0)","(660.0, 1.5, 0.03, 3, 40.0)","(640.0, 1.3, 0.04, 2, 30.0)","(620.0, 1.0, 0.05, 1, 20.0)"
443,"(750.0, 3.0, 0.002, 10, 50.0)","(720.0, 2.5, 0.0015, 8, 60.0)","(690.0, 2.0, 0.001, 6, 70.0)","(660.0, 1.8, 0.0009, 4, 80.0)","(630.0, 1.5, 0.0007, 2, 90.0)"
444,"(700.0, 2.0, 0.001, 10, 50.0)","(680.0, 1.8, 0.002, 8, 60.0)","(650.0, 1.5, 0.003, 6, 70.0)","(620.0, 1.3, 0.004, 5, 80.0)","(600.0, 1.0, 0.005, 4, 90.0)"
445,"(800.0, 3.0, 0.001, 10, 100.0)","(750.0, 2.8, 0.0015, 9, 90.0)","(700.0, 2.5, 0.002, 8, 80.0)","(650.0, 2.2, 0.0025, 7, 70.0)","(600.0, 2.0, 0.003, 6, 60.0)"
446,"(750.0, 3.5, 0.005, 10, 100.0)","(700.0, 3.0, 0.006, 8, 120.0)","(650.0, 2.5, 0.007, 6, 140.0)","(600.0, 2.0, 0.008, 4, 160.0)","(550.0, 1.5, 0.009, 2, 180.0)"
447,"(750.0, 2.0, 0.05, 10, 100.0)","(700.0, 1.8, 0.04, 9, 95.0)","(680.0, 1.6, 0.03, 8, 90.0)","(650.0, 1.4, 0.02, 7, 85.0)","(600.0, 1.2, 0.01, 6, 80.0)"
448,"(800.0, 3.0, 0.0001, 10, 150.0)","(780.0, 2.8, 0.00012, 9, 140.0)","(760.0, 2.5, 0.00014, 8, 130.0)","(740.0, 2.2, 0.00016, 7, 120.0)","(720.0, 2.0, 0.00018, 6, 110.0)"
449,"(700.0, 2.0, 0.005, 10, 50.0)","(650.0, 1.8, 0.006, 8, 60.0)","(600.0, 1.6, 0.007, 7, 70.0)","(550.0, 1.4, 0.008, 6, 80.0)","(500.0, 1.2, 0.009, 5, 90.0)"
450,"(750.0, 2.5, 0.005, 5, 200.0)","(720.0, 2.0, 0.004, 6, 250.0)","(690.0, 1.8, 0.003, 7, 300.0)","(660.0, 1.5, 0.002, 8, 350.0)","(630.0, 1.0, 0.001, 10, 400.0)"
451,"(700.0, 2.0, 0.005, 10, 200.0)","(650.0, 1.8, 0.006, 8, 180.0)","(600.0, 1.5, 0.007, 6, 160.0)","(550.0, 1.3, 0.008, 4, 140.0)","(500.0, 1.0, 0.009, 2, 120.0)"
452,"(700.0, 2.0, 0.01, 5, 50.0)","(680.0, 2.5, 0.001, 7, 60.0)","(660.0, 2.0, 0.1, 4, 70.0)","(640.0, 1.8, 0.005, 3, 80.0)","(620.0, 1.5, 1.0, 2, 90.0)"
453,"(650.0, 2.0, 0.01, 5, 50.0)","(600.0, 1.8, 0.02, 4, 60.0)","(550.0, 1.5, 0.03, 3, 70.0)","(500.0, 1.3, 0.04, 2, 80.0)","(450.0, 1.0, 0.05, 1, 90.0)"
454,"(800.0, 3.0, 0.05, 10, 100.0)","(750.0, 2.5, 0.04, 8, 150.0)","(700.0, 2.0, 0.03, 6, 200.0)","(650.0, 1.8, 0.02, 5, 250.0)","(600.0, 1.5, 0.01, 4, 300.0)"
455,"(850.0, 3.5, 0.005, 10, 50.0)","(800.0, 3.0, 0.006, 8, 60.0)","(750.0, 2.5, 0.007, 7, 65.0)","(700.0, 2.0, 0.008, 6, 70.0)","(650.0, 1.5, 0.01, 5, 80.0)"
456,"(750.0, 2.5, 0.001, 5, 50.0)","(720.0, 2.0, 0.002, 4, 55.0)","(690.0, 1.8, 0.003, 3, 60.0)","(660.0, 1.5, 0.004, 2, 65.0)","(630.0, 1.2, 0.005, 1, 70.0)"
457,"(850.0, 3.0, 0.0001, 15, 100.0)","(800.0, 2.8, 0.0002, 12, 120.0)","(750.0, 2.5, 0.0003, 9, 140.0)","(700.0, 2.2, 0.0004, 6, 160.0)","(650.0, 2.0, 0.0005, 3, 180.0)"
458,"(800.0, 2.5, 0.002, 7, 60.0)","(780.0, 2.3, 0.0025, 6, 65.0)","(760.0, 2.1, 0.003, 5, 70.0)","(740.0, 1.9, 0.0035, 4, 75.0)","(720.0, 1.7, 0.004, 3, 80.0)"
459,"(800.0, 3.5, 0.005, 10, 50.0)","(750.0, 3.0, 0.004, 8, 60.0)","(700.0, 2.5, 0.003, 6, 70.0)","(650.0, 2.0, 0.002, 5, 80.0)","(600.0, 1.5, 0.001, 4, 90.0)"
460,"(750.0, 3.0, 0.001, 5, 50.0)","(720.0, 2.8, 0.0005, 4, 60.0)","(680.0, 2.5, 0.0001, 3, 70.0)","(650.0, 2.2, 0.0002, 2, 80.0)","(600.0, 2.0, 0.0003, 1, 90.0)"
461,"(700.0, 1.5, 0.0001, 5, 50.0)","(680.0, 1.6, 0.00012, 5, 48.0)","(660.0, 1.7, 0.00014, 6, 46.0)","(640.0, 1.8, 0.00016, 7, 44.0)","(620.0, 1.9, 0.00018, 8, 42.0)"
462,"(800.0, 3.0, 0.005, 10, 200.0)","(750.0, 2.8, 0.006, 9, 180.0)","(700.0, 2.5, 0.007, 8, 160.0)","(650.0, 2.2, 0.008, 7, 140.0)","(600.0, 2.0, 0.009, 6, 120.0)"
463,"(850.0, 3.5, 0.01, 10, 100.0)","(800.0, 3.0, 0.005, 8, 80.0)","(750.0, 2.5, 0.01, 6, 60.0)","(700.0, 1.8, 0.003, 4, 40.0)","(650.0, 1.5, 0.01, 3, 20.0)"
464,"(750.0, 2.0, 0.0005, 10, 200.0)","(730.0, 1.8, 0.0006, 9, 190.0)","(710.0, 1.6, 0.0007, 8, 180.0)","(690.0, 1.4, 0.0008, 7, 170.0)","(670.0, 1.2, 0.0009, 6, 160.0)"
465,"(800.0, 3.0, 0.01, 10, 100.0)","(750.0, 2.8, 0.001, 9, 120.0)","(700.0, 2.5, 0.0001, 8, 140.0)","(650.0, 2.2, 1e-05, 7, 160.0)","(600.0, 2.0, 1e-06, 6, 180.0)"
466,"(800.0, 3.0, 0.01, 10, 150.0)","(780.0, 2.8, 0.015, 9, 140.0)","(760.0, 2.6, 0.02, 8, 130.0)","(740.0, 2.4, 0.025, 7, 120.0)","(720.0, 2.2, 0.03, 6, 110.0)"
467,"(750.0, 2.0, 0.005, 10, 100.0)","(700.0, 1.8, 0.007, 8, 120.0)","(650.0, 1.6, 0.009, 6, 140.0)","(600.0, 1.4, 0.011, 4, 160.0)","(550.0, 1.2, 0.013, 2, 180.0)"
468,"(800.0, 3.0, 0.0001, 5, 100.0)","(780.0, 2.8, 0.00015, 6, 120.0)","(760.0, 2.6, 0.0002, 7, 140.0)","(740.0, 2.4, 0.00025, 8, 160.0)","(720.0, 2.2, 0.0003, 9, 180.0)"
469,"(750.0, 0.8, 0.001, 1, 100.0)","(700.0, 0.75, 0.0005, 2, 95.0)","(650.0, 0.7, 0.0003, 3, 90.0)","(600.0, 0.65, 0.0002, 4, 85.0)","(550.0, 0.6, 0.0001, 5, 80.0)"
470,"(700.0, 1.5, 0.005, 10, 150.0)","(650.0, 1.4, 0.006, 8, 180.0)","(600.0, 1.3, 0.007, 6, 210.0)","(550.0, 1.2, 0.008, 4, 240.0)","(500.0, 1.1, 0.009, 2, 270.0)"
471,"(800.0, 2.0, 0.01, 5, 50.0)","(750.0, 2.5, 0.008, 6, 60.0)","(700.0, 3.0, 0.006, 7, 70.0)","(650.0, 3.5, 0.004, 8, 80.0)","(600.0, 4.0, 0.002, 9, 90.0)"
472,"(750.0, 2.0, 0.005, 5, 50.0)","(700.0, 1.8, 0.01, 5, 60.0)","(650.0, 1.5, 0.02, 10, 70.0)","(600.0, 1.3, 0.03, 15, 80.0)","(550.0, 1.0, 0.04, 15, 90.0)"
473,"(850.0, 2.5, 0.001, 10, 400.0)","(800.0, 2.0, 0.0005, 8, 350.0)","(750.0, 1.8, 0.0003, 6, 300.0)","(700.0, 1.5, 0.0001, 4, 250.0)","(650.0, 1.2, 5e-05, 2, 200.0)"
474,"(850.0, 3.5, 0.001, 8, 50.0)","(800.0, 3.0, 0.002, 7, 60.0)","(750.0, 2.5, 0.003, 6, 70.0)","(700.0, 2.0, 0.004, 5, 80.0)","(650.0, 1.5, 0.005, 4, 90.0)"
475,"(800.0, 4.0, 0.005, 10, 150.0)","(750.0, 3.5, 0.004, 9, 140.0)","(700.0, 3.0, 0.003, 8, 130.0)","(650.0, 2.5, 0.002, 7, 120.0)","(600.0, 2.0, 0.001, 6, 110.0)"
476,"(800.0, 3.0, 0.02, 5, 300.0)","(750.0, 2.5, 0.015, 4, 250.0)","(700.0, 2.0, 0.01, 3, 200.0)","(650.0, 1.8, 0.008, 2, 150.0)","(600.0, 1.5, 0.005, 1, 100.0)"
477,"(750.0, 3.0, 0.05, 10, 100.0)","(700.0, 2.8, 0.04, 8, 90.0)","(650.0, 2.5, 0.03, 6, 80.0)","(600.0, 2.2, 0.02, 4, 70.0)","(550.0, 2.0, 0.01, 2, 60.0)"
478,"(700.0, 2.5, 0.02, 5, 50.0)","(680.0, 2.0, 0.015, 4, 60.0)","(660.0, 1.8, 0.01, 3, 70.0)","(640.0, 1.5, 0.008, 2, 80.0)","(620.0, 1.2, 0.005, 1, 90.0)"
479,"(750.0, 1.5, 0.001, 5, 50.0)","(700.0, 1.6, 0.001, 6, 60.0)","(650.0, 1.7, 0.001, 7, 70.0)","(600.0, 1.8, 0.001, 8, 80.0)","(550.0, 1.9, 0.001, 9, 90.0)"
480,"(850.0, 4.0, 0.1, 10, 100.0)","(800.0, 3.5, 0.01, 8, 90.0)","(750.0, 3.0, 0.001, 6, 80.0)","(700.0, 2.5, 0.0001, 4, 70.0)","(650.0, 2.0, 1e-05, 2, 60.0)"
481,"(850.0, 2.5, 0.001, 10, 200.0)","(800.0, 2.0, 0.002, 8, 180.0)","(750.0, 1.8, 0.003, 6, 160.0)","(700.0, 1.5, 0.004, 4, 140.0)","(650.0, 1.3, 0.005, 2, 120.0)"
482,"(750.0, 3.0, 0.0005, 10, 50.0)","(725.0, 2.8, 0.0006, 9, 55.0)","(700.0, 2.6, 0.0007, 8, 60.0)","(675.0, 2.4, 0.0008, 7, 65.0)","(650.0, 2.2, 0.0009, 6, 70.0)"
483,"(700.0, 2.0, 0.001, 5, 50.0)","(750.0, 1.8, 0.002, 4, 60.0)","(650.0, 1.5, 0.003, 3, 70.0)","(600.0, 1.3, 0.004, 2, 80.0)","(550.0, 1.0, 0.005, 1, 90.0)"
484,"(700.0, 2.5, 0.01, 10, 50.0)","(680.0, 2.4, 0.012, 9, 55.0)","(660.0, 2.3, 0.014, 8, 60.0)","(640.0, 2.2, 0.016, 7, 65.0)","(620.0, 2.0, 0.018, 6, 70.0)"
485,"(750.0, 3.0, 0.001, 10, 100.0)","(700.0, 2.5, 0.0015, 8, 120.0)","(650.0, 2.0, 0.002, 6, 140.0)","(600.0, 1.5, 0.0025, 4, 160.0)","(550.0, 1.0, 0.003, 2, 180.0)"
486,"(800.0, 2.5, 0.01, 10, 100.0)","(780.0, 2.3, 0.012, 9, 95.0)","(760.0, 2.1, 0.014, 8, 90.0)","(740.0, 1.9, 0.016, 7, 85.0)","(720.0, 1.7, 0.018, 6, 80.0)"
487,"(750.0, 2.5, 0.005, 10, 100.0)","(720.0, 2.3, 0.006, 9, 110.0)","(690.0, 2.0, 0.007, 8, 120.0)","(660.0, 1.7, 0.008, 7, 130.0)","(630.0, 1.5, 0.009, 6, 140.0)"
488,"(750.0, 1.8, 0.01, 5, 50.0)","(700.0, 2.0, 0.012, 5, 60.0)","(650.0, 2.2, 0.014, 6, 70.0)","(600.0, 2.4, 0.016, 7, 80.0)","(550.0, 2.6, 0.018, 8, 90.0)"
489,"(850.0, 4.5, 0.0005, 10, 250.0)","(800.0, 4.0, 0.0006, 9, 240.0)","(750.0, 3.5, 0.0007, 8, 230.0)","(700.0, 3.0, 0.0008, 7, 220.0)","(650.0, 2.5, 0.0009, 6, 210.0)"
490,"(850.0, 3.0, 0.025, 10, 100.0)","(800.0, 2.8, 0.03, 12, 90.0)","(750.0, 2.5, 0.035, 14, 80.0)","(700.0, 2.0, 0.04, 13, 70.0)","(650.0, 1.5, 0.045, 15, 60.0)"
491,"(750.0, 3.0, 0.02, 10, 50.0)","(700.0, 2.5, 0.015, 8, 60.0)","(650.0, 2.0, 0.01, 6, 70.0)","(600.0, 1.8, 0.008, 4, 80.0)","(550.0, 1.5, 0.006, 2, 90.0)"
493,"(750.0, 1.5, 0.001, 5, 100.0)","(700.0, 1.8, 0.002, 4, 90.0)","(650.0, 2.0, 0.003, 3, 80.0)","(600.0, 2.5, 0.004, 2, 70.0)","(550.0, 3.0, 0.005, 1, 60.0)"
494,"(800.0, 3.0, 0.0001, 10, 50.0)","(750.0, 2.5, 0.0005, 8, 60.0)","(700.0, 2.0, 0.001, 6, 70.0)","(650.0, 1.5, 0.002, 4, 80.0)","(600.0, 1.0, 0.003, 2, 90.0)"
495,"(700.0, 3.0, 0.005, 5, 100.0)","(650.0, 2.8, 0.006, 4, 120.0)","(600.0, 2.6, 0.007, 3, 140.0)","(550.0, 2.4, 0.008, 2, 160.0)","(500.0, 2.0, 0.01, 1, 180.0)"
496,"(700.0, 2.0, 0.01, 5, 30.0)","(650.0, 1.8, 0.02, 4, 40.0)","(600.0, 1.5, 0.03, 3, 50.0)","(550.0, 1.3, 0.04, 2, 60.0)","(500.0, 1.0, 0.05, 1, 70.0)"
497,"(800.0, 3.5, 0.01, 10, 100.0)","(750.0, 3.0, 0.015, 8, 120.0)","(700.0, 2.8, 0.02, 6, 140.0)","(650.0, 2.5, 0.025, 4, 160.0)","(600.0, 2.2, 0.03, 2, 180.0)"
498,"(800.0, 2.0, 0.005, 5, 50.0)","(750.0, 2.5, 0.004, 4, 60.0)","(700.0, 3.0, 0.003, 3, 70.0)","(650.0, 3.5, 0.002, 2, 80.0)","(600.0, 4.0, 0.001, 1, 90.0)"
499,"(700.0, 2.5, 0.01, 10, 100.0)","(720.0, 2.3, 0.012, 8, 120.0)","(680.0, 2.0, 0.015, 6, 140.0)","(650.0, 1.8, 0.02, 4, 160.0)","(600.0, 1.5, 0.03, 2, 180.0)"
500,"(800.0, 2.5, 0.001, 10, 200.0)","(780.0, 2.2, 0.002, 9, 190.0)","(760.0, 2.0, 0.003, 8, 180.0)","(740.0, 1.8, 0.004, 7, 170.0)","(720.0, 1.5, 0.005, 6, 160.0)"
501,"(750.0, 1.5, 0.0001, 5, 100.0)","(740.0, 1.6, 0.00015, 5, 90.0)","(730.0, 1.4, 0.0002, 4, 110.0)","(720.0, 1.3, 0.0003, 4, 80.0)","(710.0, 1.2, 0.0004, 3, 120.0)"
502,"(800.0, 3.0, 0.05, 10, 100.0)","(780.0, 2.8, 0.045, 8, 90.0)","(760.0, 2.6, 0.04, 6, 80.0)","(740.0, 2.4, 0.035, 5, 70.0)","(720.0, 2.2, 0.03, 4, 60.0)"
503,"(850.0, 2.0, 0.02, 5, 50.0)","(800.0, 1.8, 0.03, 4, 60.0)","(750.0, 1.5, 0.04, 3, 70.0)","(700.0, 1.3, 0.05, 2, 80.0)","(650.0, 1.0, 0.06, 1, 90.0)"
504,"(750.0, 3.5, 0.001, 10, 80.0)","(700.0, 3.0, 0.0005, 8, 90.0)","(650.0, 2.5, 0.0003, 5, 100.0)","(600.0, 2.0, 0.001, 3, 110.0)","(550.0, 1.5, 0.01, 2, 120.0)"
505,"(700.0, 2.0, 0.001, 5, 50.0)","(650.0, 1.8, 0.0015, 4, 60.0)","(600.0, 1.6, 0.002, 3, 70.0)","(550.0, 1.4, 0.0025, 2, 80.0)","(500.0, 1.2, 0.003, 1, 90.0)"
506,"(750.0, 2.5, 0.005, 8, 40.0)","(700.0, 2.2, 0.006, 7, 45.0)","(650.0, 1.9, 0.007, 6, 50.0)","(600.0, 1.6, 0.008, 5, 55.0)","(550.0, 1.3, 0.009, 4, 60.0)"
508,"(850.0, 3.5, 0.005, 10, 250.0)","(800.0, 3.0, 0.004, 8, 200.0)","(750.0, 2.5, 0.003, 6, 150.0)","(700.0, 2.0, 0.002, 4, 100.0)","(650.0, 1.5, 0.001, 2, 50.0)"
509,"(700.0, 2.5, 0.001, 10, 100.0)","(650.0, 2.0, 0.0015, 8, 150.0)","(600.0, 1.8, 0.002, 6, 200.0)","(550.0, 1.5, 0.0025, 4, 250.0)","(500.0, 1.2, 0.003, 2, 300.0)"
510,"(800.0, 4.0, 0.1, 10, 50.0)","(750.0, 3.5, 0.09, 8, 60.0)","(700.0, 3.0, 0.08, 6, 70.0)","(650.0, 2.5, 0.07, 4, 80.0)","(600.0, 2.0, 0.06, 2, 90.0)"
511,"(750.0, 3.0, 0.001, 10, 100.0)","(700.0, 2.5, 0.002, 8, 90.0)","(650.0, 2.0, 0.003, 6, 80.0)","(600.0, 1.8, 0.004, 4, 70.0)","(550.0, 1.5, 0.005, 2, 60.0)"
512,"(750.0, 2.5, 0.005, 10, 100.0)","(720.0, 2.2, 0.004, 8, 120.0)","(680.0, 1.8, 0.003, 6, 140.0)","(650.0, 1.5, 0.002, 5, 160.0)","(620.0, 1.2, 0.001, 4, 180.0)"
513,"(800.0, 2.5, 0.001, 10, 50.0)","(750.0, 3.0, 0.01, 12, 60.0)","(700.0, 3.5, 0.1, 13, 70.0)","(650.0, 4.0, 0.2, 14, 80.0)","(600.0, 4.5, 0.3, 15, 90.0)"
514,"(700.0, 2.5, 0.001, 5, 50.0)","(680.0, 2.0, 0.0012, 5, 60.0)","(650.0, 1.8, 0.0015, 4, 70.0)","(620.0, 1.5, 0.002, 3, 80.0)","(600.0, 1.2, 0.003, 2, 90.0)"
515,"(700.0, 2.5, 0.01, 5, 100.0)","(680.0, 2.2, 0.02, 6, 120.0)","(650.0, 2.0, 0.03, 7, 140.0)","(630.0, 1.8, 0.04, 8, 160.0)","(600.0, 1.5, 0.05, 9, 180.0)"
516,"(750.0, 2.5, 0.01, 5, 50.0)","(720.0, 2.3, 0.015, 4, 55.0)","(700.0, 2.0, 0.02, 3, 60.0)","(680.0, 1.8, 0.025, 2, 65.0)","(650.0, 1.5, 0.03, 1, 70.0)"
517,"(750.0, 2.5, 0.001, 10, 40.0)","(700.0, 2.3, 0.002, 9, 45.0)","(650.0, 2.0, 0.003, 8, 50.0)","(600.0, 1.8, 0.004, 7, 55.0)","(550.0, 1.5, 0.005, 6, 60.0)"
518,"(800.0, 3.0, 0.002, 10, 50.0)","(750.0, 2.8, 0.003, 9, 55.0)","(700.0, 2.5, 0.004, 8, 60.0)","(650.0, 2.2, 0.005, 7, 65.0)","(600.0, 2.0, 0.006, 6, 70.0)"
519,"(750.0, 2.5, 0.001, 10, 30.0)","(700.0, 2.0, 0.0005, 8, 40.0)","(650.0, 1.8, 0.0008, 6, 50.0)","(600.0, 1.5, 0.001, 4, 60.0)","(550.0, 1.2, 0.0012, 2, 70.0)"
520,"(650.0, 1.5, 0.001, 5, 50.0)","(640.0, 1.4, 0.002, 4, 60.0)","(630.0, 1.3, 0.003, 3, 70.0)","(620.0, 1.2, 0.004, 2, 80.0)","(610.0, 1.1, 0.005, 1, 90.0)"
521,"(800.0, 3.0, 0.05, 5, 50.0)","(780.0, 2.8, 0.06, 4, 55.0)","(760.0, 2.6, 0.07, 3, 60.0)","(740.0, 2.4, 0.08, 2, 65.0)","(720.0, 2.2, 0.09, 1, 70.0)"
522,"(750.0, 2.5, 0.01, 10, 300.0)","(700.0, 2.0, 0.02, 8, 250.0)","(650.0, 1.8, 0.03, 6, 200.0)","(600.0, 1.5, 0.04, 4, 150.0)","(550.0, 1.0, 0.05, 2, 100.0)"
523,"(800.0, 3.0, 0.005, 10, 200.0)","(750.0, 2.5, 0.003, 8, 150.0)","(700.0, 2.0, 0.02, 6, 100.0)","(650.0, 1.5, 0.05, 4, 70.0)","(600.0, 1.0, 0.1, 2, 50.0)"
524,"(750.0, 3.0, 0.001, 10, 100.0)","(720.0, 2.5, 0.0005, 8, 120.0)","(680.0, 2.0, 0.01, 6, 150.0)","(650.0, 1.8, 0.02, 4, 200.0)","(620.0, 1.5, 0.03, 3, 250.0)"
525,"(750.0, 3.0, 0.005, 5, 50.0)","(700.0, 2.5, 0.003, 4, 60.0)","(650.0, 2.0, 0.002, 6, 70.0)","(600.0, 1.8, 0.001, 7, 80.0)","(550.0, 1.5, 0.0005, 10, 90.0)"
526,"(800.0, 2.0, 0.001, 10, 100.0)","(750.0, 1.8, 0.002, 8, 80.0)","(700.0, 1.5, 0.003, 6, 60.0)","(650.0, 1.3, 0.004, 4, 40.0)","(600.0, 1.0, 0.005, 2, 20.0)"
527,"(850.0, 3.5, 0.005, 5, 50.0)","(800.0, 3.0, 0.006, 4, 60.0)","(750.0, 2.5, 0.007, 3, 70.0)","(700.0, 2.0, 0.008, 2, 80.0)","(650.0, 1.5, 0.009, 1, 90.0)"
528,"(700.0, 3.0, 0.0001, 10, 100.0)","(680.0, 2.8, 0.0005, 9, 95.0)","(650.0, 2.5, 0.001, 8, 90.0)","(620.0, 2.2, 0.002, 7, 85.0)","(600.0, 2.0, 0.005, 6, 80.0)"
529,"(800.0, 2.5, 0.001, 5, 50.0)","(750.0, 2.0, 0.0015, 6, 60.0)","(700.0, 1.8, 0.002, 7, 70.0)","(650.0, 1.5, 0.0025, 8, 80.0)","(600.0, 1.3, 0.003, 9, 90.0)"
530,"(750.0, 1.5, 0.001, 5, 50.0)","(700.0, 1.8, 0.002, 4, 60.0)","(650.0, 2.0, 0.003, 3, 70.0)","(600.0, 2.5, 0.004, 2, 80.0)","(550.0, 3.0, 0.005, 1, 90.0)"
531,"(800.0, 3.0, 0.001, 10, 100.0)","(750.0, 2.5, 0.002, 9, 95.0)","(700.0, 2.0, 0.003, 8, 90.0)","(650.0, 1.8, 0.004, 7, 85.0)","(600.0, 1.5, 0.005, 6, 80.0)"
532,"(750.0, 3.0, 0.001, 10, 40.0)","(725.0, 2.8, 0.0015, 8, 45.0)","(700.0, 2.5, 0.002, 6, 50.0)","(675.0, 2.2, 0.0025, 5, 55.0)","(650.0, 2.0, 0.003, 4, 60.0)"
533,"(750.0, 3.0, 0.001, 10, 100.0)","(700.0, 2.5, 0.002, 8, 80.0)","(650.0, 2.0, 0.003, 6, 60.0)","(600.0, 1.5, 0.004, 4, 40.0)","(550.0, 1.0, 0.005, 2, 20.0)"
534,"(850.0, 4.0, 0.01, 10, 100.0)","(800.0, 3.5, 0.015, 8, 120.0)","(750.0, 3.0, 0.02, 6, 150.0)","(700.0, 2.5, 0.025, 4, 200.0)","(650.0, 2.0, 0.03, 2, 250.0)"
535,"(750.0, 3.0, 0.001, 10, 100.0)","(700.0, 2.8, 0.01, 9, 80.0)","(680.0, 2.5, 0.02, 8, 60.0)","(650.0, 2.2, 0.03, 7, 50.0)","(600.0, 1.8, 0.04, 6, 40.0)"
536,"(800.0, 3.0, 0.01, 10, 200.0)","(750.0, 2.5, 0.01, 12, 180.0)","(700.0, 2.0, 0.02, 8, 160.0)","(650.0, 1.8, 0.03, 14, 140.0)","(600.0, 1.5, 0.04, 15, 120.0)"
537,"(800.0, 3.5, 0.005, 10, 100.0)","(780.0, 3.2, 0.006, 9, 110.0)","(760.0, 3.0, 0.007, 8, 120.0)","(740.0, 2.8, 0.008, 7, 130.0)","(720.0, 2.5, 0.009, 6, 140.0)"
538,"(850.0, 3.5, 0.004, 5, 90.0)","(800.0, 3.0, 0.005, 5, 100.0)","(750.0, 2.5, 0.006, 5, 110.0)","(700.0, 2.0, 0.007, 5, 120.0)","(650.0, 1.8, 0.008, 5, 130.0)"
539,"(700.0, 2.5, 0.001, 5, 50.0)","(680.0, 2.3, 0.0015, 4, 60.0)","(660.0, 2.0, 0.002, 3, 70.0)","(640.0, 1.8, 0.003, 2, 80.0)","(620.0, 1.5, 0.004, 1, 90.0)"
541,"(750.0, 3.0, 0.01, 5, 100.0)","(700.0, 2.8, 0.015, 5, 110.0)","(650.0, 2.5, 0.02, 5, 120.0)","(600.0, 2.2, 0.025, 5, 130.0)","(550.0, 2.0, 0.03, 5, 140.0)"
542,"(800.0, 3.0, 0.005, 10, 150.0)","(780.0, 2.5, 0.004, 8, 140.0)","(750.0, 2.0, 0.003, 6, 130.0)","(720.0, 1.8, 0.002, 5, 120.0)","(700.0, 1.5, 0.001, 4, 110.0)"
543,"(800.0, 2.5, 0.05, 10, 100.0)","(780.0, 2.4, 0.045, 9, 95.0)","(760.0, 2.3, 0.04, 8, 90.0)","(740.0, 2.2, 0.035, 7, 85.0)","(720.0, 2.1, 0.03, 6, 80.0)"
544,"(750.0, 2.0, 0.005, 10, 50.0)","(700.0, 1.8, 0.006, 9, 60.0)","(650.0, 1.6, 0.007, 8, 70.0)","(600.0, 1.4, 0.008, 7, 80.0)","(550.0, 1.2, 0.009, 6, 90.0)"
545,"(700.0, 1.8, 0.001, 6, 80.0)","(680.0, 1.6, 0.0015, 5, 75.0)","(660.0, 1.4, 0.002, 4, 70.0)","(640.0, 1.2, 0.0025, 3, 65.0)","(620.0, 1.0, 0.003, 2, 60.0)"
546,"(850.0, 3.5, 0.05, 8, 200.0)","(800.0, 3.0, 0.04, 10, 180.0)","(750.0, 2.5, 0.03, 12, 160.0)","(700.0, 2.0, 0.02, 14, 140.0)","(650.0, 1.8, 0.01, 15, 120.0)"
547,"(750.0, 3.5, 0.5, 10, 150.0)","(700.0, 3.0, 0.4, 8, 140.0)","(650.0, 2.5, 0.3, 6, 130.0)","(600.0, 2.0, 0.2, 4, 120.0)","(550.0, 1.5, 0.1, 2, 110.0)"
548,"(800.0, 3.0, 0.001, 10, 100.0)","(780.0, 2.8, 0.0005, 9, 110.0)","(750.0, 2.5, 0.001, 8, 120.0)","(730.0, 2.0, 0.0002, 7, 130.0)","(700.0, 1.8, 1e-05, 6, 150.0)"
549,"(800.0, 3.0, 0.01, 10, 100.0)","(750.0, 2.8, 0.012, 8, 120.0)","(700.0, 2.5, 0.014, 6, 140.0)","(650.0, 2.2, 0.016, 4, 160.0)","(600.0, 2.0, 0.018, 2, 180.0)"
550,"(750.0, 2.0, 0.0001, 5, 50.0)","(700.0, 1.8, 0.0002, 4, 60.0)","(650.0, 1.5, 0.0003, 3, 70.0)","(600.0, 1.3, 0.0004, 2, 80.0)","(550.0, 1.0, 0.0005, 1, 90.0)"
551,"(750.0, 2.5, 0.001, 5, 100.0)","(700.0, 2.0, 0.0008, 4, 80.0)","(650.0, 1.8, 0.0005, 3, 60.0)","(600.0, 1.5, 0.0003, 2, 40.0)","(550.0, 1.2, 0.0002, 1, 20.0)"
552,"(750.0, 2.5, 0.1, 10, 50.0)","(700.0, 2.0, 0.05, 10, 60.0)","(650.0, 1.8, 0.03, 8, 70.0)","(600.0, 1.5, 0.02, 5, 80.0)","(550.0, 1.0, 0.01, 3, 90.0)"
553,"(800.0, 4.5, 0.01, 10, 50.0)","(750.0, 4.0, 0.015, 9, 60.0)","(700.0, 3.5, 0.02, 8, 70.0)","(650.0, 3.0, 0.025, 7, 80.0)","(600.0, 2.5, 0.03, 6, 90.0)"
554,"(750.0, 3.0, 0.01, 5, 50.0)","(720.0, 2.5, 0.005, 4, 60.0)","(680.0, 2.0, 0.1, 3, 70.0)","(650.0, 1.8, 0.02, 4, 80.0)","(600.0, 1.5, 0.03, 2, 90.0)"
555,"(750.0, 3.0, 0.002, 5, 50.0)","(700.0, 2.8, 0.005, 4, 60.0)","(650.0, 2.5, 0.008, 3, 70.0)","(600.0, 2.2, 0.01, 2, 80.0)","(550.0, 2.0, 0.015, 1, 90.0)"
556,"(800.0, 2.5, 0.05, 10, 50.0)","(750.0, 2.0, 0.06, 8, 55.0)","(700.0, 1.8, 0.07, 7, 60.0)","(650.0, 1.5, 0.08, 6, 65.0)","(600.0, 1.3, 0.09, 5, 70.0)"
557,"(850.0, 3.5, 0.0001, 10, 100.0)","(800.0, 3.0, 0.0002, 8, 120.0)","(750.0, 2.5, 0.0003, 6, 150.0)","(700.0, 2.0, 0.0004, 5, 180.0)","(650.0, 1.5, 0.0005, 3, 200.0)"
558,"(800.0, 3.0, 0.005, 5, 50.0)","(750.0, 2.5, 0.01, 4, 60.0)","(700.0, 2.0, 0.02, 3, 70.0)","(650.0, 1.8, 0.03, 2, 80.0)","(600.0, 1.5, 0.04, 1, 90.0)"
559,"(850.0, 3.0, 0.008, 4, 40.0)","(800.0, 2.5, 0.009, 5, 50.0)","(750.0, 2.0, 0.01, 6, 60.0)","(700.0, 1.8, 0.02, 7, 70.0)","(650.0, 1.5, 0.03, 8, 80.0)"
560,"(700.0, 2.0, 0.01, 10, 50.0)","(650.0, 1.8, 0.02, 8, 60.0)","(600.0, 1.5, 0.03, 6, 70.0)","(550.0, 1.3, 0.04, 4, 80.0)","(500.0, 1.0, 0.05, 2, 90.0)"
561,"(850.0, 3.5, 0.8, 10, 450.0)","(820.0, 3.0, 0.6, 8, 400.0)","(780.0, 2.5, 0.4, 6, 350.0)","(700.0, 1.8, 0.2, 4, 300.0)","(650.0, 1.5, 0.1, 2, 250.0)"
562,"(750.0, 2.5, 0.01, 5, 50.0)","(720.0, 2.0, 0.008, 4, 60.0)","(690.0, 1.8, 0.006, 3, 70.0)","(660.0, 1.5, 0.004, 2, 80.0)","(630.0, 1.2, 0.002, 1, 90.0)"
563,"(850.0, 3.5, 0.001, 10, 150.0)","(800.0, 3.0, 0.002, 8, 120.0)","(750.0, 2.5, 0.003, 7, 100.0)","(700.0, 2.0, 0.004, 6, 80.0)","(650.0, 1.5, 0.005, 5, 60.0)"
564,"(850.0, 3.0, 0.1, 10, 100.0)","(800.0, 2.5, 0.2, 9, 95.0)","(750.0, 2.0, 0.3, 8, 90.0)","(700.0, 1.5, 0.4, 7, 85.0)","(650.0, 1.0, 0.5, 6, 80.0)"
565,"(800.0, 3.0, 0.005, 10, 100.0)","(750.0, 3.5, 0.006, 12, 120.0)","(700.0, 2.5, 0.007, 13, 130.0)","(650.0, 2.0, 0.008, 14, 140.0)","(600.0, 1.5, 0.009, 15, 150.0)"
566,"(700.0, 2.5, 0.001, 5, 100.0)","(680.0, 2.3, 0.0015, 4, 120.0)","(660.0, 2.0, 0.002, 3, 140.0)","(640.0, 1.8, 0.0025, 2, 160.0)","(620.0, 1.5, 0.003, 1, 180.0)"
567,"(800.0, 1.5, 0.005, 10, 100.0)","(750.0, 1.2, 0.006, 8, 120.0)","(700.0, 1.0, 0.007, 6, 150.0)","(650.0, 0.8, 0.008, 4, 200.0)","(600.0, 0.5, 0.01, 2, 300.0)"
568,"(700.0, 2.5, 0.002, 10, 100.0)","(680.0, 2.3, 0.003, 9, 95.0)","(660.0, 2.1, 0.004, 8, 90.0)","(640.0, 1.9, 0.005, 7, 85.0)","(620.0, 1.7, 0.006, 6, 80.0)"
570,"(750.0, 2.0, 0.02, 5, 50.0)","(700.0, 1.8, 0.03, 4, 60.0)","(650.0, 1.6, 0.04, 3, 70.0)","(600.0, 1.4, 0.05, 2, 80.0)","(550.0, 1.2, 0.06, 1, 90.0)"
571,"(750.0, 2.5, 0.001, 10, 100.0)","(720.0, 2.3, 0.0015, 8, 120.0)","(690.0, 2.0, 0.002, 6, 140.0)","(660.0, 1.8, 0.0025, 4, 160.0)","(630.0, 1.5, 0.003, 2, 180.0)"
572,"(800.0, 3.5, 0.002, 10, 150.0)","(780.0, 3.0, 0.003, 8, 140.0)","(760.0, 2.5, 0.004, 7, 130.0)","(740.0, 2.0, 0.005, 6, 120.0)","(720.0, 1.8, 0.006, 5, 110.0)"
573,"(750.0, 2.0, 0.001, 10, 30.0)","(700.0, 2.5, 0.0005, 8, 40.0)","(650.0, 3.0, 0.01, 6, 50.0)","(600.0, 3.5, 0.02, 4, 60.0)","(550.0, 4.0, 0.03, 2, 70.0)"
574,"(750.0, 3.0, 0.005, 10, 100.0)","(725.0, 2.5, 0.006, 8, 95.0)","(700.0, 2.0, 0.007, 7, 90.0)","(675.0, 1.8, 0.008, 6, 85.0)","(650.0, 1.5, 0.009, 5, 80.0)"
575,"(750.0, 2.0, 0.001, 5, 30.0)","(700.0, 1.8, 0.002, 4, 40.0)","(650.0, 1.5, 0.003, 3, 50.0)","(600.0, 1.3, 0.004, 2, 60.0)","(550.0, 1.0, 0.005, 1, 70.0)"
576,"(750.0, 2.0, 0.1, 5, 50.0)","(700.0, 1.8, 0.02, 4, 60.0)","(650.0, 1.5, 0.03, 3, 70.0)","(600.0, 1.3, 0.04, 2, 80.0)","(550.0, 1.0, 0.05, 1, 90.0)"
577,"(800.0, 2.5, 0.005, 10, 200.0)","(750.0, 2.0, 0.004, 8, 250.0)","(700.0, 1.8, 0.003, 6, 300.0)","(650.0, 1.5, 0.002, 5, 350.0)","(600.0, 1.3, 0.001, 4, 400.0)"
579,"(800.0, 2.0, 0.001, 10, 50.0)","(780.0, 1.9, 0.002, 8, 60.0)","(760.0, 1.8, 0.003, 6, 70.0)","(740.0, 1.7, 0.004, 4, 80.0)","(720.0, 1.6, 0.005, 2, 90.0)"
580,"(750.0, 2.0, 0.01, 10, 50.0)","(700.0, 2.2, 0.012, 8, 55.0)","(650.0, 2.4, 0.014, 6, 60.0)","(600.0, 2.6, 0.016, 5, 65.0)","(550.0, 2.8, 0.018, 4, 70.0)"
581,"(850.0, 3.0, 0.02, 10, 200.0)","(800.0, 2.5, 0.03, 8, 180.0)","(750.0, 2.0, 0.04, 6, 160.0)","(700.0, 1.8, 0.05, 4, 140.0)","(650.0, 1.5, 0.06, 3, 120.0)"
582,"(850.0, 3.5, 0.005, 10, 100.0)","(800.0, 3.0, 0.006, 8, 120.0)","(750.0, 2.8, 0.007, 7, 140.0)","(700.0, 2.5, 0.008, 6, 160.0)","(650.0, 2.2, 0.009, 5, 180.0)"
583,"(800.0, 3.0, 0.001, 5, 100.0)","(750.0, 2.8, 0.0015, 5, 90.0)","(700.0, 2.5, 0.002, 5, 80.0)","(650.0, 2.0, 0.003, 4, 70.0)","(600.0, 1.8, 0.005, 3, 60.0)"
584,"(850.0, 3.5, 0.005, 10, 50.0)","(825.0, 3.0, 0.006, 9, 60.0)","(800.0, 2.5, 0.007, 8, 70.0)","(775.0, 2.0, 0.008, 7, 80.0)","(750.0, 1.5, 0.01, 6, 90.0)"
585,"(850.0, 2.5, 0.001, 10, 25.0)","(820.0, 2.3, 0.002, 9, 30.0)","(790.0, 2.1, 0.003, 8, 35.0)","(760.0, 1.9, 0.004, 7, 40.0)","(730.0, 1.7, 0.005, 6, 45.0)"
586,"(850.0, 2.5, 0.01, 5, 50.0)","(800.0, 2.0, 0.015, 4, 60.0)","(750.0, 1.8, 0.02, 3, 70.0)","(700.0, 1.5, 0.025, 2, 80.0)","(650.0, 1.3, 0.03, 1, 90.0)"
587,"(800.0, 3.0, 0.001, 5, 100.0)","(780.0, 2.8, 0.0015, 4, 95.0)","(760.0, 2.5, 0.002, 3, 90.0)","(740.0, 2.2, 0.0025, 2, 85.0)","(720.0, 2.0, 0.003, 1, 80.0)"
588,"(750.0, 3.0, 0.005, 10, 100.0)","(700.0, 2.5, 0.006, 9, 90.0)","(650.0, 2.0, 0.007, 8, 80.0)","(600.0, 1.5, 0.008, 7, 70.0)","(550.0, 1.0, 0.009, 6, 60.0)"
589,"(650.0, 1.5, 0.001, 5, 50.0)","(600.0, 1.8, 0.002, 4, 60.0)","(550.0, 2.0, 0.003, 3, 70.0)","(500.0, 2.2, 0.004, 2, 80.0)","(450.0, 2.5, 0.005, 1, 90.0)"
590,"(750.0, 2.5, 0.0002, 10, 50.0)","(720.0, 2.2, 0.0003, 10, 70.0)","(680.0, 2.0, 0.0004, 8, 90.0)","(650.0, 1.8, 0.0005, 6, 110.0)","(620.0, 1.5, 0.0006, 4, 130.0)"
591,"(800.0, 2.5, 0.02, 10, 150.0)","(780.0, 2.2, 0.015, 8, 140.0)","(750.0, 2.0, 0.01, 6, 130.0)","(720.0, 1.8, 0.008, 5, 120.0)","(700.0, 1.5, 0.005, 4, 110.0)"
592,"(750.0, 2.0, 0.001, 5, 50.0)","(700.0, 1.8, 0.0015, 4, 60.0)","(650.0, 1.6, 0.002, 3, 70.0)","(600.0, 1.4, 0.0025, 2, 80.0)","(550.0, 1.2, 0.003, 1, 90.0)"
593,"(750.0, 3.0, 0.005, 10, 200.0)","(700.0, 2.5, 0.007, 8, 180.0)","(650.0, 2.0, 0.009, 6, 160.0)","(600.0, 1.5, 0.011, 4, 140.0)","(550.0, 1.0, 0.013, 2, 120.0)"
594,"(700.0, 1.8, 0.001, 7, 150.0)","(680.0, 1.6, 0.002, 5, 180.0)","(650.0, 1.4, 0.003, 3, 210.0)","(620.0, 1.2, 0.004, 2, 240.0)","(580.0, 1.0, 0.005, 1, 300.0)"
595,"(700.0, 2.5, 0.001, 10, 100.0)","(680.0, 2.3, 0.0015, 9, 95.0)","(660.0, 2.1, 0.002, 8, 90.0)","(640.0, 1.9, 0.0025, 7, 85.0)","(620.0, 1.7, 0.003, 6, 80.0)"
596,"(750.0, 2.5, 0.01, 5, 80.0)","(700.0, 2.0, 0.02, 4, 70.0)","(650.0, 1.8, 0.03, 3, 60.0)","(600.0, 1.5, 0.04, 2, 50.0)","(550.0, 1.2, 0.05, 1, 40.0)"
597,"(750.0, 2.0, 0.001, 5, 50.0)","(720.0, 1.8, 0.0015, 5, 60.0)","(700.0, 1.6, 0.002, 5, 70.0)","(680.0, 1.4, 0.0025, 5, 80.0)","(650.0, 1.2, 0.003, 5, 90.0)"
598,"(750.0, 3.0, 0.0001, 10, 100.0)","(700.0, 2.8, 0.0002, 8, 90.0)","(650.0, 2.5, 0.0003, 6, 80.0)","(600.0, 2.3, 0.0004, 5, 70.0)","(550.0, 2.0, 0.0005, 3, 60.0)"
599,"(750.0, 1.5, 0.001, 5, 50.0)","(700.0, 1.6, 0.0015, 4, 55.0)","(650.0, 1.7, 0.002, 3, 60.0)","(600.0, 1.8, 0.0025, 2, 65.0)","(550.0, 1.9, 0.003, 1, 70.0)"
600,"(850.0, 3.0, 0.005, 10, 200.0)","(800.0, 2.5, 0.004, 9, 180.0)","(750.0, 2.0, 0.003, 8, 160.0)","(700.0, 1.8, 0.002, 7, 140.0)","(650.0, 1.5, 0.001, 6, 120.0)"
601,"(700.0, 1.0, 0.01, 5, 50.0)","(750.0, 2.0, 0.02, 10, 100.0)","(725.0, 1.5, 0.015, 7, 75.0)","(775.0, 2.5, 0.03, 12, 150.0)","(650.0, 0.8, 0.04, 3, 20.0)"
602,"(750.0, 0.8, 0.001, 5, 100.0)","(700.0, 0.7, 0.0015, 4, 90.0)","(650.0, 0.6, 0.002, 3, 80.0)","(600.0, 0.5, 0.0025, 2, 70.0)","(550.0, 0.4, 0.003, 1, 60.0)"
603,"(800.0, 2.5, 0.002, 10, 50.0)","(780.0, 2.2, 0.003, 12, 60.0)","(750.0, 2.0, 0.004, 8, 70.0)","(720.0, 1.8, 0.005, 14, 80.0)","(700.0, 1.5, 0.006, 15, 90.0)"
604,"(850.0, 2.5, 0.005, 10, 150.0)","(800.0, 2.3, 0.006, 8, 160.0)","(750.0, 2.0, 0.007, 6, 170.0)","(700.0, 1.8, 0.008, 4, 180.0)","(650.0, 1.5, 0.009, 2, 190.0)"
605,"(700.0, 2.5, 0.01, 5, 50.0)","(650.0, 2.2, 0.015, 4, 60.0)","(600.0, 1.8, 0.02, 3, 70.0)","(550.0, 1.5, 0.025, 2, 80.0)","(500.0, 1.0, 0.03, 1, 90.0)"
606,"(750.0, 2.5, 0.005, 10, 50.0)","(700.0, 2.0, 0.005, 8, 55.0)","(650.0, 1.8, 0.005, 6, 60.0)","(600.0, 1.5, 0.005, 4, 65.0)","(550.0, 1.2, 0.005, 2, 70.0)"
607,"(850.0, 3.5, 0.005, 10, 250.0)","(800.0, 3.0, 0.006, 8, 240.0)","(750.0, 2.8, 0.007, 7, 230.0)","(700.0, 2.5, 0.008, 6, 220.0)","(650.0, 2.0, 0.009, 5, 210.0)"
608,"(750.0, 2.5, 0.001, 10, 50.0)","(720.0, 2.0, 0.002, 8, 60.0)","(700.0, 1.8, 0.003, 6, 70.0)","(680.0, 1.5, 0.004, 4, 80.0)","(650.0, 1.0, 0.005, 2, 90.0)"
609,"(700.0, 2.0, 0.005, 5, 50.0)","(650.0, 1.8, 0.006, 4, 60.0)","(600.0, 1.5, 0.007, 3, 70.0)","(550.0, 1.3, 0.008, 2, 80.0)","(500.0, 0.8, 0.009, 1, 90.0)"
610,"(750.0, 1.8, 0.02, 5, 50.0)","(700.0, 1.6, 0.018, 5, 60.0)","(650.0, 1.4, 0.016, 3, 70.0)","(600.0, 1.2, 0.014, 2, 80.0)","(550.0, 1.0, 0.012, 1, 90.0)"
611,"(800.0, 2.5, 0.1, 10, 50.0)","(780.0, 3.0, 0.08, 10, 48.0)","(750.0, 2.2, 0.06, 5, 45.0)","(720.0, 1.8, 0.05, 3, 40.0)","(700.0, 1.5, 0.04, 2, 35.0)"
612,"(750.0, 2.0, 0.005, 10, 30.0)","(700.0, 2.0, 0.001, 10, 30.0)","(650.0, 2.0, 0.0005, 10, 30.0)","(600.0, 2.0, 0.0001, 10, 30.0)","(550.0, 2.0, 5e-05, 10, 30.0)"
613,"(700.0, 1.8, 0.002, 5, 50.0)","(650.0, 1.6, 0.003, 4, 60.0)","(600.0, 1.4, 0.004, 3, 70.0)","(550.0, 1.2, 0.005, 2, 80.0)","(750.0, 1.5, 0.001, 5, 50.0)"
614,"(750.0, 2.0, 0.005, 10, 100.0)","(700.0, 1.8, 0.006, 9, 110.0)","(650.0, 1.6, 0.007, 8, 120.0)","(600.0, 1.4, 0.008, 7, 130.0)","(550.0, 1.2, 0.009, 6, 140.0)"
615,"(700.0, 2.0, 0.01, 5, 50.0)","(680.0, 2.2, 0.015, 4, 60.0)","(650.0, 2.5, 0.02, 3, 70.0)","(620.0, 2.8, 0.025, 2, 80.0)","(600.0, 3.0, 0.03, 1, 90.0)"
616,"(700.0, 2.0, 0.005, 10, 100.0)","(680.0, 1.8, 0.004, 8, 90.0)","(650.0, 1.5, 0.003, 6, 80.0)","(630.0, 1.2, 0.002, 4, 70.0)","(600.0, 1.0, 0.001, 2, 60.0)"
617,"(750.0, 1.5, 0.0005, 10, 300.0)","(700.0, 2.0, 0.001, 8, 250.0)","(650.0, 2.5, 0.002, 6, 200.0)","(600.0, 3.0, 0.003, 4, 150.0)","(550.0, 4.0, 0.004, 2, 100.0)"
618,"(780.0, 2.5, 0.005, 5, 50.0)","(750.0, 2.0, 0.01, 4, 60.0)","(720.0, 1.8, 0.02, 3, 70.0)","(690.0, 1.5, 0.03, 2, 80.0)","(660.0, 1.3, 0.04, 1, 90.0)"
619,"(800.0, 3.0, 0.05, 10, 200.0)","(750.0, 2.5, 0.04, 8, 150.0)","(700.0, 2.0, 0.03, 6, 100.0)","(650.0, 1.5, 0.02, 4, 50.0)","(600.0, 1.0, 0.01, 2, 25.0)"
620,"(750.0, 2.5, 0.001, 10, 100.0)","(700.0, 2.2, 0.0012, 12, 110.0)","(650.0, 1.8, 0.0015, 13, 120.0)","(600.0, 1.5, 0.0018, 14, 130.0)","(550.0, 1.2, 0.002, 15, 140.0)"
621,"(750.0, 3.0, 0.01, 5, 50.0)","(700.0, 2.5, 0.015, 4, 60.0)","(650.0, 2.0, 0.02, 3, 70.0)","(600.0, 1.5, 0.03, 2, 80.0)","(550.0, 1.0, 0.05, 1, 90.0)"
622,"(700.0, 2.0, 0.01, 5, 50.0)","(680.0, 1.9, 0.015, 5, 55.0)","(650.0, 1.8, 0.02, 5, 60.0)","(630.0, 1.7, 0.025, 5, 65.0)","(600.0, 1.5, 0.03, 4, 70.0)"
623,"(700.0, 2.0, 0.01, 5, 100.0)","(680.0, 1.8, 0.008, 6, 90.0)","(650.0, 1.5, 0.006, 7, 80.0)","(620.0, 1.3, 0.004, 8, 70.0)","(600.0, 1.0, 0.002, 9, 60.0)"
624,"(750.0, 2.5, 0.005, 5, 100.0)","(700.0, 2.0, 0.008, 7, 120.0)","(650.0, 1.8, 0.01, 10, 150.0)","(600.0, 1.5, 0.012, 12, 180.0)","(550.0, 1.0, 0.015, 15, 200.0)"
625,"(750.0, 2.5, 0.01, 10, 100.0)","(720.0, 2.3, 0.012, 8, 95.0)","(700.0, 2.0, 0.015, 6, 90.0)","(680.0, 1.8, 0.018, 4, 85.0)","(650.0, 1.5, 0.02, 2, 80.0)"
626,"(800.0, 3.0, 0.001, 5, 100.0)","(780.0, 2.8, 0.002, 5, 95.0)","(760.0, 2.6, 0.003, 5, 105.0)","(740.0, 2.4, 0.004, 5, 110.0)","(720.0, 2.2, 0.005, 5, 115.0)"
627,"(800.0, 2.5, 0.001, 5, 100.0)","(750.0, 3.0, 0.002, 8, 150.0)","(700.0, 3.5, 0.005, 10, 200.0)","(650.0, 4.0, 0.01, 12, 250.0)","(600.0, 4.5, 0.1, 15, 300.0)"
628,"(850.0, 2.5, 0.005, 5, 200.0)","(800.0, 2.3, 0.004, 4, 180.0)","(750.0, 2.0, 0.003, 3, 160.0)","(700.0, 1.8, 0.002, 2, 140.0)","(650.0, 1.5, 0.001, 1, 120.0)"
629,"(700.0, 2.0, 0.01, 10, 100.0)","(680.0, 1.8, 0.015, 8, 90.0)","(650.0, 1.5, 0.02, 6, 80.0)","(630.0, 1.2, 0.025, 5, 70.0)","(600.0, 1.0, 0.03, 4, 60.0)"
630,"(800.0, 3.0, 0.001, 5, 50.0)","(780.0, 2.5, 0.0015, 4, 60.0)","(750.0, 2.0, 0.002, 3, 70.0)","(720.0, 1.8, 0.0025, 2, 80.0)","(700.0, 1.5, 0.003, 1, 90.0)"
631,"(750.0, 2.0, 0.01, 10, 100.0)","(700.0, 1.8, 0.02, 8, 90.0)","(650.0, 1.5, 0.03, 6, 80.0)","(600.0, 1.3, 0.04, 4, 70.0)","(550.0, 1.0, 0.05, 2, 60.0)"
632,"(700.0, 2.0, 0.01, 5, 50.0)","(680.0, 1.8, 0.015, 4, 60.0)","(650.0, 1.5, 0.02, 3, 70.0)","(620.0, 1.2, 0.025, 2, 80.0)","(580.0, 1.0, 0.03, 1, 90.0)"
633,"(750.0, 2.0, 0.001, 5, 50.0)","(720.0, 1.8, 0.002, 4, 60.0)","(700.0, 1.6, 0.003, 3, 70.0)","(680.0, 1.4, 0.004, 2, 80.0)","(660.0, 1.2, 0.005, 1, 90.0)"
634,"(600.0, 1.5, 0.001, 8, 50.0)","(580.0, 1.8, 0.0012, 8, 60.0)","(560.0, 2.0, 0.0014, 7, 70.0)","(540.0, 2.5, 0.0016, 6, 80.0)","(520.0, 3.0, 0.0018, 5, 90.0)"
635,"(750.0, 2.0, 0.01, 10, 50.0)","(720.0, 1.8, 0.015, 9, 60.0)","(680.0, 1.6, 0.02, 8, 70.0)","(650.0, 1.4, 0.025, 7, 80.0)","(600.0, 1.2, 0.03, 6, 90.0)"
636,"(800.0, 3.0, 0.05, 10, 100.0)","(750.0, 2.5, 0.06, 9, 90.0)","(700.0, 2.0, 0.07, 8, 80.0)","(650.0, 1.5, 0.08, 7, 70.0)","(600.0, 1.0, 0.09, 6, 60.0)"
637,"(800.0, 2.0, 0.002, 10, 100.0)","(780.0, 2.2, 0.003, 9, 110.0)","(760.0, 2.4, 0.004, 8, 120.0)","(740.0, 2.3, 0.005, 7, 130.0)","(680.0, 2.1, 0.006, 6, 140.0)"
638,"(750.0, 3.0, 0.001, 10, 30.0)","(700.0, 2.5, 0.002, 8, 40.0)","(650.0, 2.0, 0.003, 6, 50.0)","(600.0, 1.5, 0.004, 4, 60.0)","(550.0, 1.0, 0.005, 2, 70.0)"
639,"(800.0, 3.0, 0.1, 10, 100.0)","(780.0, 2.8, 0.12, 8, 120.0)","(760.0, 2.6, 0.14, 6, 140.0)","(740.0, 2.4, 0.16, 4, 160.0)","(720.0, 2.2, 0.18, 2, 180.0)"
641,"(750.0, 3.0, 0.01, 10, 50.0)","(700.0, 2.8, 0.02, 8, 60.0)","(650.0, 2.5, 0.03, 6, 70.0)","(600.0, 2.2, 0.04, 4, 80.0)","(550.0, 2.0, 0.05, 2, 90.0)"
642,"(800.0, 2.5, 0.001, 10, 200.0)","(750.0, 2.0, 0.0005, 8, 180.0)","(700.0, 1.8, 0.01, 6, 160.0)","(650.0, 1.5, 0.03, 4, 140.0)","(600.0, 1.0, 0.05, 2, 120.0)"
643,"(850.0, 3.5, 0.05, 10, 200.0)","(800.0, 4.0, 0.06, 12, 250.0)","(750.0, 3.0, 0.04, 15, 300.0)","(700.0, 2.5, 0.03, 14, 350.0)","(650.0, 2.0, 0.02, 15, 400.0)"
644,"(750.0, 2.5, 0.1, 10, 50.0)","(700.0, 2.0, 0.02, 8, 60.0)","(650.0, 1.8, 0.03, 6, 70.0)","(600.0, 1.5, 0.04, 4, 80.0)","(550.0, 1.2, 0.05, 2, 90.0)"
645,"(850.0, 3.5, 0.001, 10, 30.0)","(800.0, 3.0, 0.001, 8, 40.0)","(750.0, 2.5, 0.002, 6, 50.0)","(700.0, 2.0, 0.003, 4, 60.0)","(650.0, 1.5, 0.004, 2, 70.0)"
646,"(850.0, 2.5, 0.1, 10, 50.0)","(800.0, 2.0, 0.05, 8, 60.0)","(750.0, 1.8, 0.15, 7, 70.0)","(700.0, 1.5, 0.2, 6, 80.0)","(650.0, 1.0, 0.3, 5, 90.0)"
647,"(800.0, 3.0, 0.001, 10, 100.0)","(780.0, 2.8, 0.0015, 8, 90.0)","(760.0, 2.5, 0.002, 7, 80.0)","(740.0, 2.2, 0.0025, 6, 70.0)","(720.0, 2.0, 0.003, 5, 60.0)"
648,"(700.0, 1.8, 0.01, 5, 50.0)","(720.0, 1.7, 0.012, 4, 55.0)","(690.0, 1.6, 0.014, 3, 60.0)","(740.0, 1.5, 0.016, 2, 65.0)","(680.0, 1.4, 0.018, 1, 70.0)"
649,"(750.0, 3.0, 0.0001, 10, 80.0)","(700.0, 2.8, 0.0002, 9, 85.0)","(650.0, 2.5, 0.0003, 8, 90.0)","(600.0, 2.2, 0.0004, 7, 95.0)","(550.0, 2.0, 0.0005, 6, 100.0)"
650,"(700.0, 3.0, 0.005, 10, 50.0)","(680.0, 2.5, 0.006, 8, 60.0)","(650.0, 2.0, 0.007, 6, 70.0)","(630.0, 1.8, 0.008, 5, 80.0)","(600.0, 1.5, 0.009, 4, 90.0)"
651,"(800.0, 3.5, 0.001, 10, 100.0)","(780.0, 3.0, 0.002, 8, 90.0)","(760.0, 2.5, 0.005, 6, 80.0)","(740.0, 2.0, 0.01, 4, 70.0)","(720.0, 1.5, 0.05, 2, 60.0)"
652,"(800.0, 3.0, 0.005, 10, 150.0)","(750.0, 2.5, 0.006, 8, 120.0)","(700.0, 2.0, 0.007, 6, 100.0)","(650.0, 1.8, 0.008, 4, 80.0)","(600.0, 1.5, 0.009, 2, 60.0)"
653,"(850.0, 3.0, 0.001, 10, 150.0)","(800.0, 2.5, 0.002, 8, 120.0)","(750.0, 2.0, 0.003, 6, 100.0)","(700.0, 1.5, 0.004, 5, 80.0)","(650.0, 1.0, 0.005, 4, 60.0)"
654,"(700.0, 2.5, 0.05, 10, 200.0)","(680.0, 2.3, 0.04, 8, 180.0)","(660.0, 2.0, 0.03, 6, 160.0)","(640.0, 1.8, 0.02, 4, 140.0)","(620.0, 1.5, 0.01, 2, 120.0)"
655,"(850.0, 3.0, 0.01, 5, 100.0)","(800.0, 2.5, 0.015, 5, 90.0)","(750.0, 2.0, 0.02, 4, 80.0)","(700.0, 1.8, 0.025, 3, 70.0)","(650.0, 1.5, 0.03, 2, 60.0)"
656,"(700.0, 2.0, 0.01, 5, 50.0)","(680.0, 1.8, 0.012, 4, 60.0)","(650.0, 1.6, 0.014, 3, 70.0)","(630.0, 1.4, 0.016, 2, 80.0)","(600.0, 1.2, 0.018, 1, 90.0)"
657,"(800.0, 3.0, 0.001, 10, 30.0)","(750.0, 2.5, 0.002, 8, 40.0)","(700.0, 2.0, 0.003, 6, 50.0)","(650.0, 1.8, 0.004, 5, 60.0)","(600.0, 1.5, 0.005, 4, 70.0)"
658,"(650.0, 2.5, 0.005, 5, 50.0)","(600.0, 2.0, 0.008, 5, 80.0)","(550.0, 1.5, 0.01, 4, 120.0)","(500.0, 1.0, 0.015, 3, 160.0)","(450.0, 0.5, 0.02, 2, 200.0)"
659,"(750.0, 2.0, 0.002, 5, 50.0)","(700.0, 2.5, 0.003, 5, 80.0)","(650.0, 1.5, 0.005, 4, 120.0)","(600.0, 1.0, 0.007, 3, 160.0)","(550.0, 0.5, 0.01, 1, 200.0)"
660,"(750.0, 2.5, 0.01, 10, 50.0)","(700.0, 2.2, 0.015, 8, 60.0)","(650.0, 2.0, 0.02, 6, 70.0)","(600.0, 1.8, 0.025, 4, 80.0)","(550.0, 1.5, 0.03, 2, 90.0)"
661,"(800.0, 2.5, 0.005, 10, 50.0)","(780.0, 2.3, 0.006, 9, 55.0)","(760.0, 2.1, 0.007, 8, 60.0)","(740.0, 1.9, 0.008, 7, 65.0)","(720.0, 1.7, 0.009, 6, 70.0)"
662,"(750.0, 1.8, 0.01, 5, 50.0)","(720.0, 1.6, 0.015, 4, 60.0)","(700.0, 1.5, 0.02, 3, 70.0)","(680.0, 1.4, 0.03, 2, 80.0)","(650.0, 1.3, 0.04, 1, 90.0)"
663,"(750.0, 3.0, 0.001, 10, 100.0)","(730.0, 2.8, 0.002, 8, 90.0)","(710.0, 2.6, 0.003, 6, 80.0)","(690.0, 2.4, 0.004, 5, 70.0)","(670.0, 2.2, 0.005, 3, 60.0)"
664,"(700.0, 2.5, 0.005, 10, 80.0)","(680.0, 2.3, 0.006, 9, 85.0)","(660.0, 2.0, 0.007, 8, 90.0)","(640.0, 1.8, 0.008, 7, 95.0)","(620.0, 1.5, 0.009, 6, 100.0)"
665,"(800.0, 2.0, 0.001, 10, 50.0)","(780.0, 2.5, 0.0015, 8, 60.0)","(750.0, 1.8, 0.01, 6, 70.0)","(720.0, 2.5, 0.002, 4, 80.0)","(680.0, 3.0, 0.0025, 2, 90.0)"
666,"(850.0, 3.0, 0.001, 10, 100.0)","(800.0, 2.8, 0.0015, 9, 110.0)","(750.0, 2.5, 0.002, 8, 120.0)","(700.0, 2.0, 0.0025, 7, 130.0)","(650.0, 1.8, 0.003, 6, 140.0)"
667,"(750.0, 2.0, 0.02, 5, 50.0)","(700.0, 1.8, 0.03, 4, 60.0)","(650.0, 1.5, 0.04, 3, 70.0)","(600.0, 1.3, 0.05, 2, 80.0)","(550.0, 1.0, 0.06, 1, 90.0)"
668,"(800.0, 3.0, 0.001, 10, 100.0)","(750.0, 2.8, 0.002, 8, 90.0)","(700.0, 2.5, 0.003, 6, 80.0)","(650.0, 2.2, 0.004, 4, 70.0)","(600.0, 2.0, 0.005, 2, 60.0)"
669,"(750.0, 2.5, 0.002, 10, 50.0)","(720.0, 2.0, 0.0015, 9, 45.0)","(650.0, 1.8, 0.001, 8, 40.0)","(600.0, 1.5, 0.0008, 7, 35.0)","(580.0, 1.2, 0.0005, 6, 30.0)"
670,"(700.0, 2.0, 0.001, 10, 50.0)","(680.0, 1.8, 0.002, 9, 45.0)","(660.0, 1.6, 0.003, 8, 40.0)","(640.0, 1.4, 0.004, 7, 35.0)","(620.0, 1.2, 0.005, 6, 30.0)"
671,"(700.0, 2.0, 0.01, 10, 50.0)","(680.0, 2.2, 0.015, 9, 55.0)","(660.0, 2.4, 0.02, 8, 60.0)","(640.0, 2.6, 0.025, 7, 65.0)","(620.0, 2.8, 0.03, 6, 70.0)"
672,"(750.0, 2.5, 0.05, 10, 50.0)","(700.0, 2.3, 0.04, 9, 55.0)","(650.0, 2.0, 0.03, 8, 60.0)","(600.0, 1.8, 0.02, 7, 65.0)","(550.0, 1.5, 0.01, 6, 70.0)"
674,"(750.0, 3.0, 0.001, 10, 50.0)","(725.0, 2.8, 0.002, 8, 60.0)","(700.0, 2.5, 0.003, 6, 70.0)","(675.0, 2.2, 0.004, 4, 80.0)","(650.0, 2.0, 0.005, 2, 90.0)"
675,"(850.0, 2.5, 0.001, 10, 100.0)","(800.0, 2.0, 0.002, 10, 150.0)","(750.0, 1.5, 0.003, 5, 200.0)","(700.0, 1.0, 0.004, 3, 250.0)","(650.0, 0.5, 0.005, 2, 300.0)"
676,"(800.0, 2.5, 0.01, 10, 200.0)","(780.0, 2.3, 0.015, 9, 190.0)","(760.0, 2.1, 0.02, 8, 180.0)","(740.0, 1.9, 0.025, 7, 170.0)","(720.0, 1.7, 0.03, 6, 160.0)"
677,"(700.0, 2.0, 0.03, 4, 60.0)","(680.0, 1.5, 0.025, 3, 65.0)","(660.0, 1.3, 0.02, 2, 70.0)","(640.0, 1.0, 0.015, 1, 75.0)","(500.0, 0.8, 0.01, 1, 80.0)"
678,"(800.0, 3.5, 0.01, 10, 100.0)","(750.0, 3.0, 0.008, 9, 90.0)","(700.0, 2.8, 0.006, 8, 80.0)","(650.0, 2.5, 0.004, 7, 70.0)","(600.0, 2.0, 0.002, 5, 60.0)"
679,"(800.0, 3.0, 0.001, 5, 50.0)","(780.0, 2.8, 0.0015, 4, 60.0)","(750.0, 2.5, 0.002, 3, 70.0)","(720.0, 2.2, 0.0025, 2, 80.0)","(700.0, 2.0, 0.003, 1, 90.0)"
680,"(850.0, 3.5, 0.0001, 10, 200.0)","(800.0, 3.0, 0.0002, 8, 180.0)","(750.0, 2.5, 0.0003, 6, 160.0)","(700.0, 2.0, 0.0004, 4, 140.0)","(650.0, 1.5, 0.0005, 2, 120.0)"
681,"(800.0, 3.5, 0.005, 10, 200.0)","(750.0, 3.0, 0.008, 8, 180.0)","(700.0, 2.5, 0.01, 6, 160.0)","(650.0, 2.8, 0.015, 4, 140.0)","(600.0, 2.0, 0.02, 2, 120.0)"
682,"(800.0, 2.5, 0.001, 10, 200.0)","(750.0, 2.0, 0.002, 8, 180.0)","(700.0, 1.8, 0.003, 6, 160.0)","(650.0, 1.5, 0.004, 4, 140.0)","(600.0, 1.0, 0.005, 2, 120.0)"
683,"(750.0, 3.0, 0.02, 10, 50.0)","(700.0, 2.5, 0.03, 8, 60.0)","(650.0, 2.0, 0.04, 6, 70.0)","(600.0, 1.8, 0.05, 4, 80.0)","(550.0, 1.5, 0.06, 2, 90.0)"
684,"(800.0, 3.0, 0.0005, 10, 200.0)","(750.0, 2.8, 0.0006, 9, 180.0)","(700.0, 2.5, 0.0007, 8, 160.0)","(650.0, 2.2, 0.0008, 7, 140.0)","(600.0, 2.0, 0.0009, 6, 120.0)"
685,"(700.0, 1.5, 0.001, 1, 50.0)","(700.0, 1.5, 0.001, 1, 50.0)","(680.0, 1.6, 0.0015, 2, 60.0)","(660.0, 1.7, 0.002, 3, 70.0)","(640.0, 1.8, 0.0025, 4, 80.0)"
686,"(750.0, 3.0, 0.005, 10, 50.0)","(720.0, 2.5, 0.004, 8, 60.0)","(700.0, 2.0, 0.003, 6, 70.0)","(680.0, 1.8, 0.002, 4, 80.0)","(650.0, 1.5, 0.001, 2, 90.0)"
687,"(800.0, 2.5, 0.1, 10, 50.0)","(750.0, 2.0, 0.1, 8, 60.0)","(700.0, 1.8, 0.1, 6, 70.0)","(650.0, 1.5, 0.1, 4, 80.0)","(600.0, 1.0, 0.1, 2, 90.0)"
688,"(750.0, 3.0, 0.005, 5, 50.0)","(700.0, 2.5, 0.005, 5, 50.0)","(650.0, 2.0, 0.005, 5, 50.0)","(600.0, 1.5, 0.005, 5, 50.0)","(550.0, 1.0, 0.005, 5, 50.0)"
689,"(750.0, 1.8, 0.02, 5, 60.0)","(700.0, 1.5, 0.03, 4, 65.0)","(650.0, 1.3, 0.04, 3, 70.0)","(600.0, 1.0, 0.05, 2, 75.0)","(550.0, 0.8, 0.06, 1, 80.0)"
690,"(800.0, 2.5, 0.005, 10, 100.0)","(750.0, 2.0, 0.01, 8, 150.0)","(700.0, 1.8, 0.02, 6, 200.0)","(650.0, 1.5, 0.03, 4, 250.0)","(600.0, 1.3, 0.04, 2, 300.0)"
691,"(750.0, 2.5, 0.005, 10, 50.0)","(700.0, 2.0, 0.01, 8, 60.0)","(650.0, 1.5, 0.015, 6, 70.0)","(600.0, 1.2, 0.02, 4, 80.0)","(550.0, 1.0, 0.03, 2, 90.0)"
692,"(800.0, 2.0, 0.01, 10, 100.0)","(780.0, 1.8, 0.008, 8, 120.0)","(760.0, 1.6, 0.006, 6, 140.0)","(740.0, 1.4, 0.004, 4, 160.0)","(720.0, 1.2, 0.002, 2, 180.0)"
693,"(750.0, 3.0, 0.005, 5, 50.0)","(720.0, 2.5, 0.004, 4, 60.0)","(700.0, 2.0, 0.003, 3, 70.0)","(680.0, 1.8, 0.002, 2, 80.0)","(650.0, 1.5, 0.001, 1, 90.0)"
694,"(700.0, 2.5, 0.0015, 5, 100.0)","(650.0, 2.0, 0.002, 7, 120.0)","(600.0, 1.8, 0.0025, 8, 140.0)","(550.0, 1.6, 0.003, 9, 160.0)","(500.0, 1.5, 0.0035, 10, 180.0)"
695,"(800.0, 3.0, 0.05, 10, 100.0)","(750.0, 2.8, 0.06, 9, 120.0)","(700.0, 2.5, 0.07, 8, 140.0)","(650.0, 2.2, 0.08, 7, 160.0)","(600.0, 2.0, 0.09, 6, 180.0)"
696,"(850.0, 3.5, 0.005, 10, 100.0)","(800.0, 3.0, 0.006, 8, 120.0)","(750.0, 2.5, 0.007, 6, 150.0)","(700.0, 2.0, 0.008, 4, 180.0)","(650.0, 1.5, 0.009, 2, 200.0)"
697,"(750.0, 3.0, 0.02, 10, 100.0)","(700.0, 2.5, 0.02, 8, 120.0)","(650.0, 2.0, 0.02, 6, 140.0)","(600.0, 1.8, 0.02, 4, 160.0)","(550.0, 1.5, 0.02, 2, 180.0)"
698,"(800.0, 2.5, 0.05, 5, 50.0)","(780.0, 2.3, 0.06, 5, 55.0)","(760.0, 2.0, 0.07, 5, 60.0)","(740.0, 1.8, 0.08, 6, 65.0)","(720.0, 1.5, 0.09, 7, 70.0)"
699,"(750.0, 2.0, 0.001, 5, 150.0)","(700.0, 1.8, 0.002, 4, 180.0)","(650.0, 1.5, 0.003, 3, 210.0)","(600.0, 1.3, 0.004, 2, 240.0)","(550.0, 1.0, 0.005, 1, 270.0)"
701,"(800.0, 2.5, 0.001, 10, 50.0)","(780.0, 2.3, 0.0015, 8, 60.0)","(760.0, 2.1, 0.002, 6, 70.0)","(740.0, 1.9, 0.0025, 4, 80.0)","(720.0, 1.7, 0.003, 2, 90.0)"
702,"(700.0, 2.0, 0.01, 10, 50.0)","(680.0, 2.5, 0.01, 5, 60.0)","(660.0, 3.0, 0.008, 8, 70.0)","(640.0, 3.5, 0.006, 7, 80.0)","(620.0, 4.0, 0.004, 6, 90.0)"
703,"(750.0, 2.0, 0.01, 5, 50.0)","(700.0, 1.8, 0.02, 4, 60.0)","(650.0, 1.5, 0.03, 3, 70.0)","(600.0, 1.3, 0.04, 2, 80.0)","(550.0, 1.0, 0.05, 1, 90.0)"
704,"(700.0, 2.5, 0.005, 5, 80.0)","(680.0, 2.3, 0.006, 4, 85.0)","(660.0, 2.0, 0.007, 3, 90.0)","(640.0, 1.8, 0.008, 2, 95.0)","(620.0, 1.5, 0.009, 1, 100.0)"
705,"(750.0, 3.0, 0.001, 10, 50.0)","(700.0, 2.8, 0.01, 8, 60.0)","(650.0, 2.5, 0.1, 6, 70.0)","(600.0, 2.2, 0.05, 4, 80.0)","(550.0, 2.0, 0.1, 2, 90.0)"
706,"(800.0, 3.0, 0.005, 10, 100.0)","(780.0, 2.8, 0.006, 8, 90.0)","(760.0, 2.6, 0.007, 6, 80.0)","(740.0, 2.4, 0.008, 4, 70.0)","(720.0, 2.2, 0.009, 2, 60.0)"
707,"(800.0, 3.0, 0.005, 10, 100.0)","(750.0, 2.8, 0.004, 9, 90.0)","(700.0, 2.5, 0.003, 8, 80.0)","(650.0, 2.2, 0.002, 7, 70.0)","(600.0, 2.0, 0.001, 6, 60.0)"
708,"(700.0, 2.0, 0.001, 5, 80.0)","(650.0, 1.8, 0.002, 4, 75.0)","(600.0, 1.6, 0.003, 3, 70.0)","(550.0, 1.4, 0.004, 2, 65.0)","(500.0, 1.2, 0.005, 1, 60.0)"
709,"(750.0, 3.0, 0.005, 10, 100.0)","(700.0, 2.5, 0.01, 8, 80.0)","(650.0, 2.0, 0.02, 6, 60.0)","(600.0, 1.5, 0.03, 4, 40.0)","(550.0, 1.0, 0.04, 2, 20.0)"
710,"(700.0, 2.0, 0.001, 5, 100.0)","(680.0, 1.8, 0.002, 4, 95.0)","(650.0, 1.5, 0.003, 3, 90.0)","(630.0, 1.3, 0.004, 2, 85.0)","(600.0, 1.0, 0.005, 1, 80.0)"
711,"(750.0, 2.0, 0.01, 5, 50.0)","(700.0, 1.8, 0.02, 4, 60.0)","(650.0, 1.5, 0.03, 3, 70.0)","(600.0, 1.3, 0.04, 2, 80.0)","(550.0, 1.0, 5.0, 1, 90.0)"
712,"(750.0, 3.5, 0.005, 10, 200.0)","(720.0, 3.0, 0.004, 8, 180.0)","(700.0, 2.5, 0.003, 6, 160.0)","(680.0, 2.0, 0.0025, 5, 140.0)","(650.0, 1.8, 0.002, 4, 120.0)"
713,"(700.0, 3.0, 0.001, 10, 100.0)","(750.0, 2.8, 0.0015, 9, 95.0)","(650.0, 3.2, 0.0012, 11, 105.0)","(800.0, 2.5, 0.002, 8, 90.0)","(600.0, 3.5, 0.0008, 12, 110.0)"
714,"(750.0, 2.5, 0.001, 8, 100.0)","(730.0, 2.0, 0.002, 6, 90.0)","(710.0, 1.8, 0.003, 5, 80.0)","(690.0, 1.6, 0.004, 4, 70.0)","(670.0, 1.4, 0.005, 3, 60.0)"
715,"(800.0, 3.0, 0.002, 10, 100.0)","(780.0, 2.8, 0.003, 8, 90.0)","(760.0, 2.5, 0.004, 6, 80.0)","(740.0, 2.2, 0.005, 4, 70.0)","(720.0, 2.0, 0.006, 2, 60.0)"
716,"(750.0, 2.5, 0.01, 10, 50.0)","(700.0, 2.2, 0.015, 8, 60.0)","(650.0, 2.0, 0.02, 6, 70.0)","(600.0, 1.8, 0.025, 4, 80.0)","(550.0, 1.5, 0.03, 3, 90.0)"
717,"(800.0, 3.0, 0.005, 10, 100.0)","(750.0, 2.5, 0.006, 8, 90.0)","(720.0, 2.0, 0.007, 6, 80.0)","(680.0, 1.8, 0.008, 5, 70.0)","(650.0, 1.5, 0.009, 4, 60.0)"
718,"(800.0, 3.0, 0.001, 10, 200.0)","(750.0, 2.8, 0.0015, 8, 180.0)","(700.0, 2.5, 0.002, 6, 160.0)","(650.0, 2.0, 0.0025, 4, 140.0)","(600.0, 1.5, 0.003, 2, 120.0)"
719,"(800.0, 2.5, 0.001, 10, 100.0)","(750.0, 2.0, 0.002, 8, 90.0)","(700.0, 1.8, 0.003, 6, 80.0)","(650.0, 1.5, 0.004, 5, 70.0)","(600.0, 1.3, 0.005, 3, 60.0)"
720,"(750.0, 2.0, 0.01, 5, 50.0)","(720.0, 2.5, 0.02, 6, 60.0)","(690.0, 3.0, 0.03, 7, 70.0)","(660.0, 3.5, 0.04, 8, 80.0)","(630.0, 4.0, 0.05, 9, 90.0)"
721,"(850.0, 3.5, 0.005, 10, 50.0)","(800.0, 3.0, 0.006, 9, 60.0)","(750.0, 2.5, 0.007, 8, 70.0)","(700.0, 2.0, 0.008, 7, 80.0)","(650.0, 1.5, 0.009, 6, 90.0)"
722,"(700.0, 2.5, 0.001, 10, 50.0)","(680.0, 2.0, 0.002, 8, 60.0)","(650.0, 1.8, 0.003, 6, 70.0)","(620.0, 1.5, 0.004, 4, 80.0)","(600.0, 1.0, 0.005, 2, 90.0)"
723,"(700.0, 3.0, 0.001, 10, 100.0)","(650.0, 2.8, 0.002, 8, 80.0)","(600.0, 2.5, 0.003, 6, 120.0)","(550.0, 2.0, 0.004, 4, 150.0)","(500.0, 1.5, 0.005, 2, 200.0)"
724,"(850.0, 3.5, 0.005, 10, 100.0)","(800.0, 3.0, 0.006, 8, 120.0)","(750.0, 2.5, 0.007, 6, 140.0)","(700.0, 2.0, 0.008, 4, 160.0)","(650.0, 1.5, 0.009, 2, 180.0)"
725,"(750.0, 1.8, 0.01, 5, 50.0)","(700.0, 1.5, 0.01, 4, 60.0)","(650.0, 1.3, 0.01, 3, 70.0)","(600.0, 1.0, 0.01, 2, 80.0)","(550.0, 0.8, 0.01, 1, 90.0)"
726,"(850.0, 2.5, 0.002, 5, 50.0)","(800.0, 3.0, 0.003, 5, 60.0)","(750.0, 2.8, 0.004, 6, 70.0)","(700.0, 3.5, 0.005, 7, 80.0)","(650.0, 4.0, 0.006, 8, 90.0)"
727,"(650.0, 2.5, 0.005, 10, 40.0)","(620.0, 2.3, 0.0055, 8, 45.0)","(580.0, 2.0, 0.006, 6, 50.0)","(550.0, 1.8, 0.0065, 4, 55.0)","(500.0, 1.5, 0.007, 2, 60.0)"
728,"(800.0, 1.5, 0.001, 10, 100.0)","(750.0, 1.8, 0.0008, 12, 120.0)","(700.0, 2.0, 0.01, 8, 140.0)","(650.0, 2.5, 0.015, 6, 160.0)","(600.0, 3.0, 0.02, 4, 180.0)"
729,"(850.0, 3.5, 0.01, 10, 50.0)","(800.0, 3.0, 0.008, 9, 55.0)","(750.0, 2.8, 0.006, 8, 60.0)","(700.0, 2.5, 0.004, 7, 65.0)","(650.0, 2.0, 0.002, 6, 70.0)"
730,"(750.0, 3.0, 0.002, 5, 100.0)","(700.0, 2.8, 0.003, 4, 90.0)","(650.0, 2.6, 0.004, 3, 80.0)","(600.0, 2.4, 0.005, 2, 70.0)","(550.0, 2.2, 0.006, 1, 60.0)"
731,"(750.0, 1.5, 0.001, 5, 30.0)","(700.0, 1.8, 0.002, 5, 35.0)","(650.0, 2.0, 0.003, 4, 40.0)","(600.0, 2.5, 0.004, 4, 45.0)","(550.0, 3.0, 0.005, 3, 50.0)"
732,"(750.0, 2.0, 0.01, 10, 50.0)","(720.0, 1.8, 0.015, 8, 60.0)","(690.0, 1.6, 0.02, 6, 70.0)","(660.0, 1.4, 0.025, 4, 80.0)","(630.0, 1.2, 0.03, 2, 90.0)"
733,"(800.0, 2.5, 0.01, 5, 50.0)","(780.0, 3.0, 0.02, 6, 60.0)","(760.0, 3.5, 0.03, 7, 70.0)","(740.0, 4.0, 0.04, 8, 80.0)","(720.0, 4.5, 0.05, 9, 90.0)"
734,"(800.0, 3.0, 0.001, 10, 200.0)","(750.0, 2.5, 0.0005, 8, 180.0)","(700.0, 2.0, 0.01, 6, 150.0)","(650.0, 1.8, 0.02, 5, 120.0)","(600.0, 1.5, 0.03, 4, 100.0)"
735,"(750.0, 2.5, 0.01, 10, 100.0)","(700.0, 2.0, 0.008, 8, 80.0)","(650.0, 1.8, 0.006, 6, 60.0)","(600.0, 1.5, 0.004, 4, 40.0)","(550.0, 1.0, 0.002, 2, 20.0)"
736,"(900.0, 0.5, 0.005, 10, 50.0)","(800.0, 1.0, 0.025, 8, 60.0)","(700.0, 1.5, 0.075, 6, 70.0)","(600.0, 2.0, 0.12, 4, 80.0)","(500.0, 2.5, 0.25, 1, 90.0)"
737,"(800.0, 3.0, 0.001, 5, 200.0)","(780.0, 2.8, 0.0015, 5, 180.0)","(760.0, 2.5, 0.002, 4, 160.0)","(740.0, 2.2, 0.0025, 3, 140.0)","(720.0, 1.8, 0.0028, 2, 120.0)"
738,"(750.0, 2.5, 0.005, 10, 50.0)","(700.0, 2.0, 0.008, 9, 60.0)","(650.0, 1.8, 0.012, 8, 70.0)","(600.0, 1.5, 0.018, 7, 80.0)","(550.0, 1.2, 0.024, 6, 90.0)"
739,"(700.0, 1.5, 0.01, 5, 50.0)","(680.0, 2.0, 0.01, 4, 60.0)","(650.0, 1.8, 0.03, 3, 70.0)","(620.0, 2.5, 0.05, 2, 80.0)","(580.0, 3.0, 0.1, 1, 100.0)"
740,"(850.0, 3.0, 0.0001, 10, 50.0)","(800.0, 2.5, 0.0005, 8, 60.0)","(750.0, 2.0, 0.001, 6, 70.0)","(700.0, 1.8, 0.005, 4, 80.0)","(650.0, 1.5, 0.01, 2, 90.0)"
741,"(850.0, 2.5, 0.05, 10, 100.0)","(800.0, 2.0, 0.08, 8, 120.0)","(750.0, 1.8, 0.12, 6, 140.0)","(700.0, 1.5, 0.2, 5, 160.0)","(650.0, 1.0, 0.3, 4, 180.0)"
742,"(800.0, 2.0, 0.001, 5, 50.0)","(780.0, 1.8, 0.002, 4, 60.0)","(760.0, 1.5, 0.003, 3, 70.0)","(740.0, 1.3, 0.004, 2, 80.0)","(720.0, 1.0, 0.005, 1, 90.0)"
743,"(700.0, 2.5, 0.005, 10, 100.0)","(720.0, 2.3, 0.005, 8, 120.0)","(680.0, 2.0, 0.005, 7, 140.0)","(660.0, 1.8, 0.005, 6, 160.0)","(640.0, 1.5, 0.005, 5, 180.0)"
744,"(750.0, 2.0, 0.01, 5, 50.0)","(720.0, 1.8, 0.012, 4, 55.0)","(700.0, 1.6, 0.015, 3, 60.0)","(680.0, 1.4, 0.018, 2, 65.0)","(650.0, 1.2, 0.02, 1, 70.0)"
745,"(800.0, 2.0, 0.01, 10, 50.0)","(750.0, 2.5, 0.008, 12, 60.0)","(700.0, 3.0, 0.006, 14, 70.0)","(650.0, 3.0, 0.005, 14, 80.0)","(600.0, 3.5, 0.004, 14, 90.0)"
746,"(750.0, 3.0, 0.001, 10, 50.0)","(700.0, 2.5, 0.0015, 8, 60.0)","(650.0, 2.0, 0.002, 6, 70.0)","(600.0, 1.5, 0.0025, 4, 80.0)","(550.0, 1.0, 0.003, 2, 90.0)"
747,"(800.0, 2.5, 0.005, 10, 100.0)","(780.0, 2.3, 0.006, 9, 95.0)","(760.0, 2.0, 0.007, 8, 90.0)","(740.0, 1.8, 0.008, 7, 85.0)","(720.0, 1.5, 0.009, 6, 80.0)"
748,"(650.0, 1.5, 0.001, 5, 50.0)","(700.0, 2.0, 0.002, 4, 60.0)","(750.0, 1.8, 0.003, 3, 70.0)","(650.0, 1.3, 0.004, 2, 80.0)","(550.0, 1.0, 0.005, 1, 90.0)"
749,"(700.0, 2.5, 0.005, 10, 100.0)","(650.0, 2.0, 0.01, 8, 150.0)","(600.0, 1.8, 0.02, 6, 200.0)","(550.0, 1.5, 0.03, 4, 250.0)","(500.0, 1.0, 0.05, 2, 300.0)"
750,"(750.0, 3.0, 0.001, 5, 200.0)","(700.0, 2.8, 0.002, 4, 180.0)","(650.0, 2.5, 0.003, 3, 160.0)","(600.0, 2.0, 0.004, 2, 140.0)","(550.0, 1.8, 0.005, 1, 120.0)"
751,"(700.0, 2.5, 0.005, 10, 20.0)","(650.0, 2.3, 0.005, 8, 25.0)","(600.0, 2.0, 0.005, 6, 30.0)","(550.0, 1.8, 0.005, 4, 35.0)","(500.0, 1.5, 0.005, 2, 40.0)"
752,"(800.0, 2.5, 0.005, 10, 200.0)","(750.0, 2.0, 0.01, 8, 150.0)","(700.0, 1.8, 0.02, 6, 100.0)","(650.0, 1.5, 0.03, 4, 80.0)","(600.0, 1.3, 0.04, 3, 50.0)"
753,"(800.0, 3.5, 0.098, 10, 200.0)","(780.0, 3.0, 0.096, 9, 190.0)","(760.0, 2.5, 0.094, 8, 180.0)","(740.0, 2.0, 0.092, 7, 170.0)","(720.0, 1.5, 0.09, 6, 160.0)"
754,"(700.0, 2.0, 0.01, 5, 50.0)","(680.0, 1.8, 0.012, 4, 60.0)","(660.0, 1.6, 0.014, 3, 70.0)","(640.0, 1.4, 0.016, 2, 80.0)","(620.0, 1.2, 0.018, 1, 90.0)"
755,"(750.0, 3.0, 0.005, 10, 100.0)","(720.0, 2.8, 0.006, 9, 95.0)","(690.0, 2.5, 0.007, 8, 90.0)","(660.0, 2.2, 0.008, 7, 85.0)","(630.0, 2.0, 0.009, 6, 80.0)"
756,"(800.0, 3.0, 0.005, 10, 200.0)","(780.0, 2.8, 0.006, 8, 190.0)","(760.0, 2.5, 0.007, 6, 180.0)","(740.0, 2.2, 0.008, 4, 170.0)","(720.0, 2.0, 0.009, 2, 160.0)"
757,"(700.0, 2.5, 0.0001, 5, 100.0)","(680.0, 2.3, 0.0002, 4, 90.0)","(650.0, 2.0, 0.0003, 3, 80.0)","(620.0, 1.8, 0.0004, 2, 70.0)","(600.0, 1.5, 0.0005, 1, 60.0)"
758,"(700.0, 2.0, 0.01, 10, 50.0)","(680.0, 2.2, 0.01, 8, 60.0)","(660.0, 2.5, 0.015, 6, 70.0)","(640.0, 2.3, 0.02, 4, 80.0)","(580.0, 1.8, 0.03, 2, 90.0)"
760,"(800.0, 3.0, 0.005, 5, 100.0)","(750.0, 2.5, 0.006, 4, 80.0)","(700.0, 2.0, 0.007, 3, 60.0)","(650.0, 1.8, 0.008, 2, 40.0)","(600.0, 1.5, 0.009, 1, 20.0)"
761,"(700.0, 2.0, 0.01, 5, 50.0)","(650.0, 1.8, 0.015, 4, 60.0)","(600.0, 1.5, 0.02, 3, 70.0)","(550.0, 1.3, 0.025, 2, 80.0)","(500.0, 1.0, 0.03, 1, 90.0)"
762,"(750.0, 3.0, 0.0005, 10, 250.0)","(720.0, 2.8, 0.0008, 8, 230.0)","(690.0, 2.5, 0.0012, 6, 210.0)","(660.0, 2.2, 0.0015, 4, 190.0)","(630.0, 2.0, 0.002, 2, 170.0)"
763,"(700.0, 2.5, 0.005, 5, 100.0)","(650.0, 2.8, 0.005, 6, 120.0)","(600.0, 3.1, 0.0045, 7, 140.0)","(550.0, 3.4, 0.004, 8, 160.0)","(500.0, 3.7, 0.0035, 9, 180.0)"
764,"(750.0, 2.5, 0.01, 10, 100.0)","(700.0, 2.0, 0.015, 8, 120.0)","(650.0, 1.8, 0.02, 7, 150.0)","(600.0, 1.5, 0.025, 6, 180.0)","(550.0, 1.0, 0.03, 5, 200.0)"
765,"(800.0, 2.5, 0.001, 5, 50.0)","(750.0, 2.0, 0.002, 4, 60.0)","(700.0, 1.8, 0.003, 3, 70.0)","(650.0, 1.5, 0.004, 2, 80.0)","(600.0, 1.0, 0.005, 1, 90.0)"
766,"(750.0, 3.0, 0.05, 10, 50.0)","(720.0, 2.8, 0.045, 9, 60.0)","(690.0, 2.5, 0.04, 8, 70.0)","(660.0, 2.0, 0.035, 7, 80.0)","(630.0, 1.8, 0.03, 6, 90.0)"
767,"(750.0, 2.5, 0.02, 10, 100.0)","(700.0, 2.0, 0.03, 8, 120.0)","(650.0, 1.8, 0.04, 6, 140.0)","(600.0, 1.5, 0.05, 4, 160.0)","(550.0, 1.0, 0.06, 2, 180.0)"
768,"(700.0, 2.0, 0.001, 10, 100.0)","(650.0, 1.8, 0.002, 8, 90.0)","(600.0, 1.6, 0.003, 6, 80.0)","(550.0, 1.4, 0.004, 4, 70.0)","(500.0, 1.2, 0.005, 2, 60.0)"
769,"(700.0, 1.0, 0.01, 5, 50.0)","(650.0, 1.2, 0.015, 4, 60.0)","(600.0, 1.5, 0.02, 3, 70.0)","(550.0, 1.8, 0.025, 2, 80.0)","(500.0, 2.0, 0.03, 1, 90.0)"
770,"(750.0, 2.5, 0.001, 5, 50.0)","(700.0, 3.0, 0.005, 5, 75.0)","(650.0, 2.0, 0.01, 4, 100.0)","(600.0, 1.5, 0.02, 3, 125.0)","(550.0, 1.0, 0.05, 2, 150.0)"
771,"(800.0, 3.0, 0.06, 5, 150.0)","(780.0, 2.8, 0.07, 4, 140.0)","(760.0, 2.5, 0.08, 3, 130.0)","(740.0, 2.2, 0.09, 2, 120.0)","(720.0, 2.0, 0.1, 1, 110.0)"
772,"(700.0, 3.5, 0.05, 10, 100.0)","(650.0, 3.0, 0.04, 8, 90.0)","(600.0, 2.5, 0.03, 6, 80.0)","(550.0, 2.0, 0.02, 4, 70.0)","(500.0, 1.5, 0.01, 2, 60.0)"
773,"(700.0, 2.0, 0.01, 5, 50.0)","(680.0, 1.8, 0.015, 4, 60.0)","(650.0, 1.5, 0.02, 3, 70.0)","(600.0, 1.3, 0.025, 2, 80.0)","(550.0, 1.0, 0.03, 1, 90.0)"
774,"(750.0, 2.5, 0.001, 5, 50.0)","(700.0, 2.3, 0.002, 4, 60.0)","(650.0, 2.0, 0.003, 3, 70.0)","(600.0, 1.8, 0.004, 2, 80.0)","(550.0, 1.5, 0.005, 1, 90.0)"
775,"(800.0, 3.0, 0.001, 10, 100.0)","(750.0, 2.5, 0.002, 8, 80.0)","(700.0, 2.0, 0.003, 6, 60.0)","(650.0, 1.5, 0.004, 4, 40.0)","(600.0, 1.0, 0.005, 2, 20.0)"
776,"(800.0, 3.0, 0.005, 10, 100.0)","(750.0, 2.5, 0.004, 8, 80.0)","(700.0, 2.0, 0.003, 6, 60.0)","(650.0, 1.8, 0.002, 4, 40.0)","(600.0, 1.5, 0.001, 2, 20.0)"
777,"(700.0, 2.5, 0.001, 5, 100.0)","(650.0, 2.0, 0.002, 4, 150.0)","(600.0, 1.8, 0.003, 3, 200.0)","(550.0, 1.5, 0.004, 2, 250.0)","(500.0, 1.2, 0.005, 1, 300.0)"
778,"(800.0, 2.5, 0.05, 5, 100.0)","(780.0, 2.3, 0.045, 4, 90.0)","(760.0, 2.0, 0.04, 3, 80.0)","(740.0, 1.8, 0.035, 2, 70.0)","(720.0, 1.5, 0.03, 1, 60.0)"
779,"(750.0, 2.0, 0.001, 5, 50.0)","(700.0, 1.8, 0.0015, 5, 60.0)","(650.0, 1.5, 0.002, 4, 70.0)","(600.0, 1.3, 0.003, 3, 80.0)","(550.0, 1.0, 0.004, 2, 90.0)"
780,"(750.0, 3.0, 0.05, 10, 150.0)","(720.0, 2.8, 0.04, 8, 130.0)","(680.0, 2.5, 0.03, 6, 120.0)","(650.0, 2.2, 0.02, 4, 100.0)","(620.0, 2.0, 0.01, 2, 80.0)"
781,"(800.0, 2.0, 0.01, 5, 20.0)","(780.0, 1.8, 0.012, 4, 25.0)","(750.0, 1.6, 0.015, 3, 30.0)","(720.0, 1.4, 0.018, 2, 35.0)","(700.0, 1.2, 0.02, 1, 40.0)"
782,"(650.0, 2.0, 0.0015, 6, 90.0)","(600.0, 1.8, 0.002, 7, 80.0)","(550.0, 1.5, 0.003, 8, 70.0)","(500.0, 1.0, 0.004, 9, 60.0)","(700.0, 2.5, 0.001, 5, 100.0)"
783,"(750.0, 3.0, 0.02, 5, 50.0)","(725.0, 2.5, 0.015, 4, 60.0)","(700.0, 2.0, 0.1, 3, 70.0)","(675.0, 1.5, 0.001, 2, 80.0)","(650.0, 1.0, 1e-05, 1, 90.0)"
784,"(750.0, 2.5, 0.002, 5, 150.0)","(700.0, 2.0, 0.0015, 6, 120.0)","(650.0, 1.8, 0.001, 7, 100.0)","(600.0, 1.5, 0.0008, 8, 80.0)","(550.0, 1.0, 0.0005, 10, 60.0)"
785,"(700.0, 2.5, 0.001, 5, 50.0)","(750.0, 2.0, 0.001, 5, 60.0)","(650.0, 2.0, 0.0005, 5, 70.0)","(700.0, 1.5, 0.01, 5, 80.0)","(650.0, 1.0, 0.1, 5, 90.0)"
786,"(800.0, 3.0, 0.05, 10, 200.0)","(750.0, 2.8, 0.04, 8, 180.0)","(700.0, 2.5, 0.03, 6, 160.0)","(650.0, 2.0, 0.02, 4, 140.0)","(600.0, 1.8, 0.01, 2, 120.0)"
787,"(700.0, 2.0, 0.05, 10, 50.0)","(680.0, 1.8, 0.05, 8, 60.0)","(660.0, 1.5, 0.05, 6, 70.0)","(640.0, 1.2, 0.05, 4, 80.0)","(620.0, 1.0, 0.05, 2, 90.0)"
788,"(850.0, 3.5, 0.015, 6, 100.0)","(800.0, 3.0, 0.02, 5, 95.0)","(750.0, 2.8, 0.018, 4, 90.0)","(700.0, 2.5, 0.022, 3, 85.0)","(650.0, 2.0, 0.025, 2, 80.0)"
789,"(750.0, 2.0, 0.005, 5, 50.0)","(700.0, 1.8, 0.02, 4, 60.0)","(650.0, 1.5, 0.03, 3, 70.0)","(600.0, 1.3, 0.04, 2, 80.0)","(550.0, 1.0, 0.05, 1, 90.0)"
790,"(750.0, 2.5, 0.005, 8, 50.0)","(725.0, 2.3, 0.006, 7, 55.0)","(700.0, 2.0, 0.007, 6, 60.0)","(675.0, 1.8, 0.008, 5, 65.0)","(650.0, 1.5, 0.009, 4, 70.0)"
791,"(800.0, 2.5, 0.001, 10, 100.0)","(780.0, 2.2, 0.0008, 12, 90.0)","(750.0, 2.0, 0.0006, 14, 80.0)","(730.0, 1.8, 0.0004, 13, 70.0)","(700.0, 1.5, 0.0002, 15, 60.0)"
792,"(850.0, 3.0, 0.005, 10, 200.0)","(800.0, 2.5, 0.003, 8, 180.0)","(750.0, 2.0, 0.002, 6, 160.0)","(700.0, 1.8, 0.0015, 5, 140.0)","(650.0, 1.5, 0.001, 4, 120.0)"
793,"(850.0, 2.5, 0.005, 5, 100.0)","(800.0, 2.0, 0.003, 4, 120.0)","(750.0, 1.8, 0.002, 3, 150.0)","(700.0, 1.5, 0.0015, 2, 200.0)","(650.0, 1.0, 0.001, 1, 250.0)"
794,"(800.0, 2.5, 0.1, 10, 50.0)","(780.0, 2.0, 0.05, 8, 45.0)","(750.0, 1.8, 0.02, 6, 40.0)","(730.0, 1.5, 0.01, 5, 35.0)","(710.0, 1.2, 0.005, 4, 30.0)"
795,"(800.0, 3.0, 0.0001, 10, 50.0)","(750.0, 2.5, 0.0002, 8, 60.0)","(700.0, 2.0, 0.0003, 6, 70.0)","(650.0, 1.8, 0.0004, 4, 80.0)","(600.0, 1.5, 0.0005, 2, 90.0)"
796,"(700.0, 3.0, 0.01, 10, 100.0)","(680.0, 2.5, 0.009, 8, 120.0)","(660.0, 2.0, 0.008, 6, 140.0)","(640.0, 1.8, 0.007, 4, 160.0)","(620.0, 1.5, 0.006, 2, 200.0)"
797,"(700.0, 2.5, 0.01, 5, 100.0)","(680.0, 2.2, 0.015, 4, 120.0)","(660.0, 2.0, 0.02, 3, 140.0)","(640.0, 1.8, 0.025, 2, 160.0)","(620.0, 1.6, 0.03, 1, 180.0)"
798,"(850.0, 2.5, 0.001, 10, 50.0)","(830.0, 2.0, 0.001, 5, 100.0)","(800.0, 1.8, 0.002, 7, 150.0)","(780.0, 1.6, 0.003, 8, 200.0)","(750.0, 1.5, 0.004, 10, 250.0)"
799,"(750.0, 2.0, 0.01, 5, 50.0)","(700.0, 2.2, 0.02, 6, 60.0)","(650.0, 2.5, 0.03, 7, 70.0)","(600.0, 2.8, 0.04, 8, 80.0)","(550.0, 3.0, 0.05, 9, 90.0)"
801,"(650.0, 1.5, 0.01, 5, 50.0)","(600.0, 1.3, 0.02, 4, 60.0)","(550.0, 1.0, 0.03, 3, 70.0)","(500.0, 0.8, 0.04, 2, 80.0)","(450.0, 0.5, 0.05, 1, 90.0)"
802,"(750.0, 3.5, 0.001, 10, 80.0)","(700.0, 3.0, 0.01, 8, 75.0)","(650.0, 2.8, 0.005, 7, 70.0)","(600.0, 2.5, 0.1, 5, 65.0)","(550.0, 2.0, 1.0, 4, 60.0)"
803,"(700.0, 1.5, 0.01, 10, 50.0)","(680.0, 1.6, 0.015, 9, 55.0)","(660.0, 1.7, 0.02, 8, 60.0)","(640.0, 1.8, 0.025, 7, 65.0)","(620.0, 1.9, 0.03, 6, 70.0)"
804,"(800.0, 3.0, 0.01, 10, 50.0)","(750.0, 3.5, 0.01, 12, 60.0)","(700.0, 4.0, 0.01, 8, 70.0)","(650.0, 4.5, 0.02, 6, 80.0)","(600.0, 5.0, 0.05, 5, 100.0)"
805,"(800.0, 3.5, 0.005, 10, 100.0)","(780.0, 3.2, 0.006, 9, 90.0)","(760.0, 3.0, 0.007, 8, 80.0)","(740.0, 2.7, 0.008, 7, 70.0)","(720.0, 2.5, 0.009, 6, 60.0)"
806,"(750.0, 2.5, 0.01, 5, 50.0)","(700.0, 2.0, 0.02, 4, 60.0)","(650.0, 1.8, 0.03, 3, 70.0)","(600.0, 1.5, 0.04, 2, 80.0)","(550.0, 1.3, 0.05, 1, 90.0)"
807,"(750.0, 1.5, 0.001, 10, 50.0)","(700.0, 1.8, 0.002, 8, 70.0)","(650.0, 1.6, 0.003, 6, 90.0)","(600.0, 1.4, 0.004, 5, 110.0)","(550.0, 1.2, 0.005, 4, 130.0)"
808,"(700.0, 2.0, 0.002, 5, 60.0)","(750.0, 1.5, 0.001, 5, 50.0)","(700.0, 2.0, 0.002, 5, 60.0)","(650.0, 2.5, 0.003, 5, 70.0)","(600.0, 3.0, 0.004, 5, 75.0)"
809,"(850.0, 3.0, 0.01, 10, 100.0)","(800.0, 2.5, 0.02, 8, 120.0)","(750.0, 2.0, 0.03, 6, 140.0)","(700.0, 1.5, 0.04, 4, 160.0)","(650.0, 1.0, 0.05, 2, 180.0)"
810,"(780.0, 2.0, 0.005, 5, 200.0)","(750.0, 1.8, 0.004, 4, 180.0)","(720.0, 1.6, 0.003, 3, 160.0)","(690.0, 1.4, 0.002, 2, 140.0)","(660.0, 1.0, 0.001, 1, 120.0)"
811,"(750.0, 2.5, 0.005, 10, 50.0)","(725.0, 2.3, 0.006, 8, 60.0)","(700.0, 2.0, 0.007, 6, 70.0)","(675.0, 1.8, 0.008, 4, 80.0)","(650.0, 1.5, 0.009, 2, 90.0)"
812,"(750.0, 2.5, 0.02, 10, 30.0)","(720.0, 2.0, 0.015, 8, 40.0)","(680.0, 1.8, 0.01, 6, 50.0)","(650.0, 1.5, 0.008, 4, 60.0)","(620.0, 1.2, 0.005, 2, 70.0)"
813,"(750.0, 2.5, 0.001, 8, 30.0)","(700.0, 2.0, 0.005, 6, 40.0)","(650.0, 1.8, 0.008, 5, 50.0)","(600.0, 1.5, 0.01, 4, 60.0)","(550.0, 1.2, 0.015, 3, 70.0)"
814,"(750.0, 2.0, 0.01, 5, 100.0)","(700.0, 1.8, 0.02, 4, 120.0)","(650.0, 1.5, 0.03, 3, 140.0)","(600.0, 1.3, 0.04, 2, 160.0)","(550.0, 1.0, 0.05, 1, 180.0)"
815,"(800.0, 2.5, 0.0001, 10, 100.0)","(750.0, 2.5, 0.001, 8, 120.0)","(700.0, 2.0, 0.003, 6, 150.0)","(650.0, 1.8, 0.005, 4, 180.0)","(600.0, 1.5, 0.01, 2, 200.0)"
816,"(800.0, 3.0, 0.01, 10, 100.0)","(780.0, 2.5, 0.015, 8, 90.0)","(760.0, 2.0, 0.02, 6, 80.0)","(740.0, 1.8, 0.025, 5, 70.0)","(720.0, 1.5, 0.03, 4, 60.0)"
817,"(800.0, 3.0, 0.01, 10, 30.0)","(750.0, 2.5, 0.01, 8, 40.0)","(700.0, 2.0, 0.01, 6, 50.0)","(650.0, 1.8, 0.01, 5, 60.0)","(600.0, 1.5, 0.01, 4, 70.0)"
818,"(700.0, 1.8, 0.02, 5, 50.0)","(700.0, 1.8, 0.02, 5, 50.0)","(680.0, 1.9, 0.03, 5, 60.0)","(650.0, 1.6, 0.04, 5, 70.0)","(630.0, 1.7, 0.05, 5, 80.0)"
819,"(850.0, 3.0, 0.001, 10, 100.0)","(800.0, 2.5, 0.002, 8, 80.0)","(750.0, 2.0, 0.003, 6, 60.0)","(700.0, 1.5, 0.004, 4, 40.0)","(650.0, 1.0, 0.005, 2, 20.0)"
820,"(750.0, 3.0, 0.005, 10, 300.0)","(700.0, 2.5, 0.008, 8, 250.0)","(650.0, 2.0, 0.01, 6, 200.0)","(600.0, 1.5, 0.015, 4, 150.0)","(550.0, 1.0, 0.02, 2, 100.0)"
821,"(880.0, 3.0, 0.001, 5, 200.0)","(850.0, 2.5, 0.002, 6, 250.0)","(800.0, 2.0, 0.003, 7, 300.0)","(750.0, 1.5, 0.004, 8, 350.0)","(700.0, 1.0, 0.005, 10, 400.0)"
822,"(750.0, 2.0, 0.01, 4, 50.0)","(700.0, 1.8, 0.02, 5, 60.0)","(650.0, 1.5, 0.03, 3, 70.0)","(600.0, 1.3, 0.04, 2, 80.0)","(550.0, 1.0, 0.05, 1, 90.0)"
823,"(750.0, 2.5, 0.003, 10, 50.0)","(700.0, 2.2, 0.004, 9, 60.0)","(650.0, 2.0, 0.005, 8, 70.0)","(600.0, 1.8, 0.006, 7, 80.0)","(550.0, 1.5, 0.007, 6, 90.0)"
824,"(750.0, 2.0, 0.01, 5, 50.0)","(720.0, 1.8, 0.012, 4, 60.0)","(700.0, 1.6, 0.015, 3, 70.0)","(680.0, 1.5, 0.018, 2, 80.0)","(650.0, 1.3, 0.02, 1, 90.0)"
825,"(800.0, 3.5, 0.005, 10, 30.0)","(750.0, 3.0, 0.006, 9, 28.0)","(700.0, 2.5, 0.007, 8, 26.0)","(650.0, 2.0, 0.008, 7, 24.0)","(600.0, 1.5, 0.009, 6, 22.0)"
826,"(750.0, 1.8, 0.001, 10, 50.0)","(700.0, 1.5, 0.002, 8, 80.0)","(650.0, 1.3, 0.003, 6, 100.0)","(600.0, 1.1, 0.004, 4, 150.0)","(550.0, 0.9, 0.005, 2, 200.0)"
827,"(750.0, 2.0, 0.01, 5, 50.0)","(750.0, 2.0, 0.01, 10, 100.0)","(700.0, 1.8, 0.02, 8, 120.0)","(650.0, 1.5, 0.03, 6, 140.0)","(600.0, 1.3, 0.04, 4, 160.0)"
828,"(700.0, 2.0, 1e-05, 5, 50.0)","(650.0, 2.5, 0.0001, 4, 60.0)","(600.0, 3.0, 0.001, 3, 70.0)","(550.0, 3.5, 0.01, 2, 80.0)","(500.0, 4.0, 0.1, 1, 90.0)"
829,"(850.0, 3.5, 0.005, 10, 100.0)","(825.0, 3.2, 0.006, 9, 95.0)","(800.0, 3.0, 0.007, 8, 90.0)","(775.0, 2.8, 0.008, 7, 85.0)","(750.0, 2.5, 0.009, 6, 80.0)"
830,"(800.0, 3.0, 0.005, 10, 50.0)","(750.0, 2.5, 0.006, 10, 60.0)","(700.0, 2.0, 0.007, 8, 70.0)","(650.0, 1.5, 0.008, 6, 80.0)","(600.0, 1.0, 0.009, 4, 90.0)"
831,"(800.0, 3.0, 0.001, 10, 100.0)","(750.0, 2.5, 0.0015, 8, 90.0)","(700.0, 2.0, 0.002, 6, 80.0)","(650.0, 1.8, 0.0025, 4, 70.0)","(600.0, 1.5, 0.003, 2, 60.0)"
832,"(800.0, 3.5, 0.002, 10, 150.0)","(780.0, 4.0, 0.0015, 8, 120.0)","(750.0, 4.5, 0.001, 7, 100.0)","(720.0, 5.0, 0.0008, 6, 80.0)","(700.0, 4.8, 0.0006, 5, 60.0)"
833,"(750.0, 2.5, 0.005, 10, 100.0)","(700.0, 2.0, 0.008, 8, 120.0)","(650.0, 1.8, 0.012, 6, 140.0)","(600.0, 1.5, 0.015, 4, 160.0)","(550.0, 1.2, 0.02, 2, 180.0)"
834,"(700.0, 2.5, 0.01, 5, 50.0)","(650.0, 2.0, 0.02, 4, 60.0)","(600.0, 1.8, 0.03, 3, 70.0)","(550.0, 1.5, 0.04, 2, 80.0)","(500.0, 1.0, 0.05, 1, 90.0)"
835,"(750.0, 2.5, 0.001, 10, 100.0)","(700.0, 2.0, 0.002, 8, 120.0)","(650.0, 1.8, 0.003, 7, 140.0)","(600.0, 1.5, 0.004, 6, 160.0)","(550.0, 1.0, 0.005, 5, 180.0)"
836,"(700.0, 1.5, 0.05, 5, 100.0)","(650.0, 1.4, 0.05, 6, 80.0)","(600.0, 1.3, 0.055, 7, 90.0)","(550.0, 1.2, 0.06, 8, 100.0)","(450.0, 1.0, 0.07, 10, 120.0)"
837,"(800.0, 3.0, 0.01, 10, 100.0)","(750.0, 2.5, 0.015, 8, 90.0)","(700.0, 2.0, 0.02, 6, 80.0)","(650.0, 1.5, 0.025, 4, 70.0)","(600.0, 1.0, 0.03, 2, 60.0)"
838,"(800.0, 3.0, 0.005, 10, 100.0)","(780.0, 2.8, 0.006, 9, 110.0)","(760.0, 2.6, 0.007, 8, 120.0)","(740.0, 2.4, 0.008, 7, 130.0)","(720.0, 2.2, 0.009, 6, 140.0)"
839,"(700.0, 2.0, 0.01, 5, 100.0)","(680.0, 1.8, 0.02, 4, 90.0)","(650.0, 1.5, 0.03, 3, 80.0)","(630.0, 1.3, 0.04, 2, 70.0)","(600.0, 1.0, 0.05, 1, 60.0)"
840,"(800.0, 2.5, 0.002, 10, 50.0)","(750.0, 2.0, 0.003, 8, 55.0)","(700.0, 1.8, 0.004, 6, 60.0)","(650.0, 1.5, 0.005, 4, 65.0)","(500.0, 1.0, 0.006, 2, 70.0)"
841,"(800.0, 2.5, 0.01, 10, 100.0)","(750.0, 2.0, 0.02, 8, 120.0)","(700.0, 1.8, 0.03, 6, 150.0)","(650.0, 1.5, 0.04, 4, 200.0)","(600.0, 1.0, 0.05, 2, 250.0)"
842,"(750.0, 2.0, 0.001, 5, 50.0)","(720.0, 1.8, 0.002, 4, 60.0)","(700.0, 1.6, 0.003, 3, 65.0)","(680.0, 1.4, 0.004, 2, 70.0)","(650.0, 1.2, 0.005, 1, 80.0)"
843,"(850.0, 3.5, 0.1, 10, 100.0)","(800.0, 3.0, 0.05, 10, 90.0)","(750.0, 2.5, 0.08, 8, 80.0)","(700.0, 2.0, 0.1, 6, 70.0)","(650.0, 1.5, 0.12, 4, 60.0)"
844,"(720.0, 1.8, 0.006, 4, 85.0)","(700.0, 1.5, 0.005, 5, 80.0)","(680.0, 1.4, 0.004, 6, 75.0)","(650.0, 1.2, 0.003, 3, 70.0)","(600.0, 1.0, 0.002, 2, 60.0)"
845,"(700.0, 2.5, 0.0001, 10, 20.0)","(680.0, 2.0, 0.0002, 8, 30.0)","(660.0, 1.8, 0.0003, 6, 40.0)","(640.0, 1.5, 0.0004, 4, 50.0)","(620.0, 1.2, 0.0005, 2, 60.0)"
846,"(750.0, 2.0, 0.005, 10, 50.0)","(700.0, 1.8, 0.01, 8, 60.0)","(650.0, 1.5, 0.02, 6, 70.0)","(600.0, 1.3, 0.03, 4, 80.0)","(550.0, 1.0, 0.04, 2, 90.0)"
847,"(750.0, 2.5, 0.005, 10, 100.0)","(700.0, 2.0, 0.01, 8, 80.0)","(650.0, 1.8, 0.003, 6, 60.0)","(600.0, 1.5, 0.006, 4, 50.0)","(550.0, 1.0, 0.1, 2, 40.0)"
848,"(750.0, 1.8, 0.01, 5, 50.0)","(700.0, 2.0, 0.009, 6, 60.0)","(650.0, 2.2, 0.008, 7, 70.0)","(600.0, 2.4, 0.007, 8, 80.0)","(550.0, 2.5, 0.006, 9, 90.0)"
849,"(750.0, 2.5, 0.005, 10, 150.0)","(720.0, 2.2, 0.008, 8, 140.0)","(700.0, 2.0, 0.01, 6, 130.0)","(680.0, 1.8, 0.015, 5, 120.0)","(650.0, 1.5, 0.02, 4, 110.0)"
850,"(700.0, 2.5, 0.001, 10, 50.0)","(680.0, 2.2, 0.0015, 8, 60.0)","(660.0, 2.0, 0.002, 6, 70.0)","(640.0, 1.8, 0.0025, 4, 80.0)","(620.0, 1.5, 0.003, 2, 90.0)"
851,"(850.0, 3.0, 0.0001, 10, 100.0)","(800.0, 2.8, 0.0002, 9, 120.0)","(750.0, 2.5, 0.0003, 8, 150.0)","(700.0, 2.3, 0.0004, 7, 180.0)","(650.0, 2.0, 0.0005, 6, 200.0)"
852,"(800.0, 3.5, 0.001, 10, 100.0)","(780.0, 3.2, 0.0015, 8, 110.0)","(760.0, 3.0, 0.002, 6, 120.0)","(740.0, 2.8, 0.0025, 4, 130.0)","(720.0, 2.5, 0.003, 2, 140.0)"
853,"(700.0, 2.5, 0.002, 5, 50.0)","(750.0, 3.0, 0.01, 4, 60.0)","(720.0, 2.0, 0.003, 6, 45.0)","(680.0, 2.8, 0.004, 3, 70.0)","(650.0, 1.8, 0.005, 2, 80.0)"
854,"(700.0, 2.5, 0.001, 10, 100.0)","(680.0, 2.3, 0.0015, 9, 95.0)","(660.0, 2.0, 0.002, 8, 90.0)","(640.0, 1.8, 0.0025, 7, 85.0)","(620.0, 1.5, 0.003, 6, 80.0)"
855,"(750.0, 2.0, 0.001, 10, 50.0)","(700.0, 1.8, 0.002, 5, 60.0)","(650.0, 1.5, 0.003, 4, 70.0)","(600.0, 1.3, 0.004, 3, 80.0)","(550.0, 1.0, 0.005, 2, 90.0)"
856,"(800.0, 3.5, 0.005, 10, 200.0)","(780.0, 3.3, 0.006, 12, 220.0)","(760.0, 3.1, 0.007, 14, 240.0)","(740.0, 2.9, 0.008, 15, 260.0)","(720.0, 2.7, 0.009, 15, 280.0)"
857,"(700.0, 3.0, 0.005, 5, 50.0)","(750.0, 2.8, 0.006, 5, 60.0)","(720.0, 2.5, 0.007, 5, 70.0)","(680.0, 2.2, 0.008, 5, 80.0)","(650.0, 2.0, 0.009, 5, 90.0)"
858,"(750.0, 1.5, 0.002, 5, 100.0)","(700.0, 1.4, 0.003, 5, 90.0)","(650.0, 1.3, 0.004, 5, 80.0)","(600.0, 1.2, 0.005, 5, 70.0)","(550.0, 1.1, 0.006, 5, 60.0)"
859,"(700.0, 2.0, 0.001, 5, 50.0)","(720.0, 1.8, 0.002, 4, 60.0)","(680.0, 1.6, 0.003, 3, 70.0)","(650.0, 1.4, 0.004, 2, 80.0)","(600.0, 1.2, 0.005, 1, 90.0)"
860,"(800.0, 3.5, 0.0005, 10, 200.0)","(750.0, 3.0, 0.0006, 8, 180.0)","(700.0, 2.5, 0.0007, 6, 160.0)","(650.0, 2.0, 0.0008, 4, 140.0)","(600.0, 1.5, 0.0009, 2, 120.0)"
861,"(750.0, 2.5, 0.02, 10, 100.0)","(720.0, 2.0, 0.03, 8, 120.0)","(690.0, 1.8, 0.04, 6, 140.0)","(660.0, 1.5, 0.05, 4, 160.0)","(630.0, 1.2, 0.06, 2, 180.0)"
862,"(850.0, 3.0, 0.005, 10, 100.0)","(800.0, 2.5, 0.006, 8, 110.0)","(750.0, 2.0, 0.007, 6, 120.0)","(700.0, 1.5, 0.008, 4, 130.0)","(650.0, 1.0, 0.009, 2, 140.0)"
863,"(800.0, 3.0, 0.001, 10, 100.0)","(750.0, 2.5, 0.0005, 8, 90.0)","(700.0, 2.0, 0.001, 6, 80.0)","(650.0, 1.8, 0.002, 4, 70.0)","(600.0, 1.5, 0.003, 2, 60.0)"
864,"(800.0, 3.0, 0.005, 10, 100.0)","(750.0, 2.8, 0.006, 9, 95.0)","(700.0, 2.5, 0.007, 8, 90.0)","(650.0, 2.2, 0.008, 7, 85.0)","(600.0, 2.0, 0.009, 6, 80.0)"
865,"(750.0, 2.5, 0.0002, 10, 100.0)","(700.0, 2.2, 0.0003, 9, 95.0)","(650.0, 2.0, 0.0004, 8, 90.0)","(600.0, 1.8, 0.0005, 7, 85.0)","(550.0, 1.5, 0.0006, 6, 80.0)"
866,"(750.0, 3.5, 0.01, 10, 50.0)","(700.0, 3.0, 0.015, 8, 70.0)","(650.0, 3.2, 0.018, 6, 80.0)","(600.0, 3.0, 0.02, 4, 90.0)","(550.0, 2.8, 0.025, 2, 100.0)"
867,"(700.0, 2.5, 0.01, 5, 100.0)","(650.0, 2.3, 0.012, 4, 90.0)","(600.0, 2.0, 0.015, 3, 80.0)","(550.0, 1.8, 0.018, 2, 70.0)","(500.0, 1.5, 0.02, 1, 60.0)"
868,"(700.0, 1.5, 0.01, 1, 50.0)","(650.0, 1.6, 0.01, 2, 60.0)","(600.0, 1.7, 0.01, 3, 70.0)","(550.0, 1.8, 0.01, 4, 80.0)","(500.0, 1.9, 0.01, 5, 90.0)"
869,"(700.0, 2.0, 0.005, 5, 50.0)","(680.0, 1.8, 0.006, 4, 60.0)","(650.0, 1.5, 0.007, 3, 70.0)","(620.0, 1.3, 0.008, 2, 80.0)","(600.0, 1.0, 0.009, 1, 90.0)"
870,"(800.0, 3.0, 0.05, 10, 200.0)","(750.0, 2.5, 0.03, 8, 180.0)","(700.0, 2.0, 0.02, 6, 160.0)","(650.0, 1.8, 0.015, 4, 140.0)","(600.0, 1.5, 0.01, 2, 120.0)"
871,"(700.0, 2.0, 0.01, 5, 50.0)","(680.0, 1.8, 0.02, 4, 60.0)","(650.0, 1.5, 0.03, 3, 70.0)","(630.0, 1.3, 0.04, 2, 80.0)","(550.0, 1.0, 0.05, 1, 90.0)"
872,"(850.0, 3.0, 0.005, 10, 100.0)","(800.0, 2.8, 0.006, 9, 95.0)","(750.0, 2.5, 0.007, 8, 90.0)","(700.0, 2.0, 0.008, 7, 85.0)","(650.0, 1.8, 0.009, 6, 80.0)"
873,"(850.0, 3.5, 0.01, 8, 50.0)","(800.0, 3.0, 0.01, 7, 60.0)","(750.0, 2.5, 0.01, 6, 70.0)","(700.0, 2.0, 0.01, 5, 80.0)","(650.0, 1.5, 0.01, 4, 90.0)"
874,"(800.0, 2.0, 0.005, 10, 100.0)","(750.0, 1.8, 0.01, 8, 90.0)","(700.0, 1.5, 0.02, 6, 80.0)","(650.0, 1.3, 0.03, 4, 70.0)","(600.0, 1.0, 0.04, 2, 60.0)"
875,"(750.0, 2.5, 0.001, 10, 50.0)","(700.0, 2.0, 0.0005, 8, 60.0)","(650.0, 1.8, 0.0001, 6, 70.0)","(600.0, 1.5, 0.0002, 4, 80.0)","(550.0, 1.2, 5e-05, 2, 90.0)"
876,"(800.0, 2.5, 0.0001, 10, 100.0)","(780.0, 2.3, 0.00015, 8, 120.0)","(750.0, 2.0, 0.0002, 5, 150.0)","(720.0, 1.8, 0.00025, 3, 200.0)","(700.0, 1.5, 0.0003, 2, 250.0)"
877,"(750.0, 2.5, 0.01, 10, 100.0)","(720.0, 2.0, 0.012, 8, 90.0)","(700.0, 1.8, 0.015, 6, 80.0)","(680.0, 1.5, 0.02, 4, 70.0)","(650.0, 1.2, 0.025, 2, 60.0)"
878,"(850.0, 4.0, 0.1, 10, 50.0)","(800.0, 3.5, 0.2, 8, 60.0)","(750.0, 3.0, 0.3, 6, 70.0)","(700.0, 2.5, 0.4, 4, 80.0)","(650.0, 2.0, 0.5, 2, 90.0)"
879,"(750.0, 2.5, 0.01, 3, 100.0)","(730.0, 2.0, 0.015, 4, 120.0)","(710.0, 1.8, 0.02, 5, 140.0)","(690.0, 1.5, 0.025, 6, 160.0)","(670.0, 1.0, 0.03, 7, 180.0)"
880,"(750.0, 2.0, 0.001, 10, 50.0)","(700.0, 1.8, 0.002, 8, 60.0)","(650.0, 1.5, 0.003, 6, 70.0)","(600.0, 1.3, 0.004, 4, 80.0)","(550.0, 1.0, 0.005, 2, 90.0)"
881,"(800.0, 2.5, 0.01, 5, 20.0)","(780.0, 2.0, 0.015, 6, 25.0)","(760.0, 1.8, 0.02, 7, 30.0)","(740.0, 1.5, 0.025, 8, 35.0)","(720.0, 1.0, 0.03, 10, 40.0)"
882,"(750.0, 2.5, 0.005, 10, 100.0)","(700.0, 2.2, 0.006, 9, 95.0)","(650.0, 2.0, 0.007, 8, 90.0)","(600.0, 1.8, 0.008, 7, 85.0)","(550.0, 1.6, 0.009, 6, 80.0)"
883,"(850.0, 2.5, 0.1, 10, 50.0)","(825.0, 2.0, 0.05, 8, 60.0)","(800.0, 1.8, 0.03, 7, 70.0)","(775.0, 1.5, 0.02, 6, 80.0)","(750.0, 1.0, 0.01, 5, 90.0)"
884,"(800.0, 3.0, 0.001, 10, 100.0)","(780.0, 3.5, 0.002, 10, 120.0)","(760.0, 4.0, 0.003, 8, 140.0)","(740.0, 4.0, 0.004, 6, 160.0)","(720.0, 5.0, 0.005, 5, 180.0)"
885,"(850.0, 2.5, 0.001, 5, 100.0)","(800.0, 2.0, 0.002, 4, 120.0)","(750.0, 1.8, 0.003, 3, 140.0)","(700.0, 1.5, 0.004, 2, 160.0)","(650.0, 1.0, 0.005, 1, 180.0)"
886,"(850.0, 3.5, 0.005, 10, 200.0)","(800.0, 3.2, 0.008, 7, 250.0)","(750.0, 3.0, 0.01, 5, 300.0)","(700.0, 2.8, 0.015, 3, 350.0)","(650.0, 2.5, 0.02, 1, 400.0)"
887,"(800.0, 2.5, 0.005, 10, 200.0)","(750.0, 2.0, 0.006, 8, 250.0)","(700.0, 1.8, 0.007, 6, 300.0)","(650.0, 1.5, 0.008, 5, 350.0)","(600.0, 1.3, 0.009, 4, 400.0)"
888,"(700.0, 3.0, 0.005, 10, 50.0)","(680.0, 2.5, 0.006, 8, 60.0)","(650.0, 2.0, 0.007, 6, 70.0)","(620.0, 1.8, 0.008, 4, 80.0)","(600.0, 1.5, 0.009, 2, 90.0)"
889,"(700.0, 3.0, 0.005, 10, 100.0)","(650.0, 2.5, 0.006, 9, 90.0)","(600.0, 2.0, 0.007, 8, 80.0)","(550.0, 1.5, 0.008, 7, 70.0)","(500.0, 1.0, 0.009, 6, 60.0)"
890,"(850.0, 3.0, 0.002, 10, 100.0)","(800.0, 2.8, 0.003, 8, 95.0)","(750.0, 2.5, 0.004, 6, 90.0)","(700.0, 2.2, 0.005, 4, 85.0)","(650.0, 2.0, 0.006, 2, 80.0)"
891,"(750.0, 1.8, 0.005, 5, 80.0)","(700.0, 1.5, 0.005, 5, 100.0)","(650.0, 1.2, 0.005, 4, 90.0)","(600.0, 1.0, 0.005, 4, 80.0)","(550.0, 0.8, 0.005, 3, 70.0)"
892,"(800.0, 2.5, 0.0001, 10, 50.0)","(780.0, 2.0, 0.0002, 8, 45.0)","(760.0, 1.8, 0.0003, 6, 40.0)","(740.0, 1.5, 0.0004, 5, 35.0)","(720.0, 1.3, 0.0005, 4, 30.0)"
893,"(750.0, 2.0, 0.01, 10, 100.0)","(800.0, 2.5, 0.005, 8, 90.0)","(850.0, 3.0, 0.002, 6, 80.0)","(875.0, 3.5, 0.001, 4, 70.0)","(900.0, 4.0, 0.0005, 2, 60.0)"
894,"(750.0, 2.5, 0.001, 10, 50.0)","(700.0, 2.2, 0.002, 8, 60.0)","(650.0, 2.0, 0.003, 6, 70.0)","(600.0, 1.8, 0.004, 4, 80.0)","(550.0, 1.5, 0.005, 2, 90.0)"
895,"(700.0, 2.0, 0.01, 5, 50.0)","(680.0, 1.8, 0.02, 4, 60.0)","(650.0, 1.5, 0.03, 3, 70.0)","(620.0, 1.3, 0.04, 2, 80.0)","(590.0, 1.0, 0.05, 1, 90.0)"
896,"(700.0, 2.5, 0.01, 5, 100.0)","(680.0, 2.0, 0.02, 10, 120.0)","(650.0, 1.8, 0.03, 15, 150.0)","(620.0, 1.5, 0.04, 10, 180.0)","(590.0, 1.2, 0.05, 5, 200.0)"
897,"(850.0, 3.0, 0.001, 10, 100.0)","(800.0, 2.5, 0.002, 8, 120.0)","(750.0, 2.0, 0.003, 6, 150.0)","(700.0, 1.8, 0.004, 5, 180.0)","(650.0, 1.5, 0.005, 4, 200.0)"
898,"(750.0, 2.5, 0.01, 10, 100.0)","(720.0, 2.0, 0.02, 8, 90.0)","(700.0, 1.8, 0.03, 6, 80.0)","(680.0, 1.5, 0.04, 4, 70.0)","(650.0, 1.0, 0.05, 2, 60.0)"
899,"(800.0, 2.5, 0.001, 10, 100.0)","(750.0, 2.3, 0.001, 9, 90.0)","(700.0, 2.0, 0.001, 8, 80.0)","(650.0, 1.7, 0.001, 7, 70.0)","(600.0, 1.5, 0.001, 6, 60.0)"
900,"(850.0, 3.0, 0.005, 10, 100.0)","(800.0, 2.5, 0.006, 8, 120.0)","(750.0, 2.0, 0.007, 6, 140.0)","(700.0, 1.8, 0.008, 4, 160.0)","(650.0, 1.5, 0.009, 2, 180.0)"
901,"(800.0, 1.5, 0.0005, 10, 30.0)","(780.0, 1.4, 0.0006, 9, 40.0)","(760.0, 1.3, 0.0007, 8, 50.0)","(740.0, 1.2, 0.0008, 7, 60.0)","(720.0, 1.1, 0.0009, 6, 70.0)"
902,"(800.0, 3.0, 0.0001, 10, 100.0)","(750.0, 2.5, 0.0002, 8, 150.0)","(700.0, 2.0, 0.0003, 6, 200.0)","(650.0, 1.8, 0.0004, 4, 250.0)","(600.0, 1.5, 0.0005, 2, 300.0)"
903,"(750.0, 2.5, 0.001, 5, 50.0)","(720.0, 2.0, 0.002, 4, 60.0)","(690.0, 1.8, 0.003, 3, 70.0)","(660.0, 1.5, 0.004, 2, 80.0)","(630.0, 1.0, 0.005, 1, 90.0)"
904,"(750.0, 1.5, 0.01, 5, 50.0)","(700.0, 1.8, 0.02, 4, 60.0)","(650.0, 1.5, 0.03, 3, 70.0)","(600.0, 1.3, 0.04, 2, 80.0)","(550.0, 1.0, 0.05, 1, 90.0)"
905,"(800.0, 3.0, 0.005, 10, 100.0)","(750.0, 2.5, 0.006, 9, 120.0)","(700.0, 2.0, 0.007, 8, 140.0)","(650.0, 1.5, 0.008, 7, 160.0)","(600.0, 1.0, 0.009, 6, 180.0)"
906,"(700.0, 2.0, 0.0001, 5, 100.0)","(680.0, 1.8, 5e-05, 6, 95.0)","(660.0, 1.6, 2e-05, 7, 90.0)","(640.0, 1.4, 1e-05, 8, 85.0)","(620.0, 1.2, 5e-06, 9, 80.0)"
907,"(700.0, 2.0, 0.002, 5, 50.0)","(680.0, 1.8, 0.02, 4, 60.0)","(650.0, 1.5, 0.03, 3, 70.0)","(600.0, 1.3, 0.04, 2, 80.0)","(550.0, 1.0, 0.05, 1, 90.0)"
908,"(700.0, 2.5, 0.0001, 5, 50.0)","(650.0, 2.3, 0.0002, 4, 60.0)","(600.0, 2.1, 0.0003, 3, 70.0)","(550.0, 1.9, 0.0004, 2, 80.0)","(500.0, 1.7, 0.0005, 1, 90.0)"
909,"(650.0, 1.5, 0.002, 5, 50.0)","(600.0, 1.3, 0.003, 4, 60.0)","(550.0, 1.1, 0.004, 3, 70.0)","(500.0, 0.9, 0.005, 2, 80.0)","(450.0, 0.7, 0.006, 1, 90.0)"
910,"(800.0, 3.0, 0.01, 10, 100.0)","(750.0, 2.5, 0.008, 8, 90.0)","(700.0, 2.0, 0.006, 6, 80.0)","(650.0, 1.8, 0.004, 5, 70.0)","(600.0, 1.5, 0.002, 4, 60.0)"
911,"(800.0, 3.0, 0.0005, 10, 100.0)","(780.0, 2.5, 0.0006, 9, 95.0)","(750.0, 2.0, 0.0007, 8, 90.0)","(720.0, 1.8, 0.0008, 7, 85.0)","(700.0, 1.5, 0.0009, 6, 80.0)"
912,"(800.0, 3.0, 0.05, 10, 100.0)","(750.0, 2.8, 0.04, 8, 80.0)","(700.0, 2.5, 0.03, 6, 60.0)","(650.0, 2.2, 0.02, 5, 40.0)","(600.0, 2.0, 0.01, 4, 20.0)"
913,"(650.0, 2.5, 0.001, 5, 100.0)","(630.0, 2.3, 0.0015, 5, 90.0)","(610.0, 2.0, 0.002, 5, 80.0)","(590.0, 1.8, 0.0025, 5, 70.0)","(570.0, 1.5, 0.003, 5, 60.0)"
914,"(850.0, 3.0, 0.0005, 10, 300.0)","(800.0, 2.5, 0.001, 8, 250.0)","(750.0, 2.0, 0.002, 6, 200.0)","(700.0, 1.5, 0.005, 4, 150.0)","(650.0, 1.0, 0.01, 2, 100.0)"
915,"(850.0, 2.5, 0.001, 10, 100.0)","(800.0, 2.0, 0.0005, 8, 90.0)","(750.0, 1.8, 0.0003, 6, 80.0)","(700.0, 1.5, 0.0002, 5, 70.0)","(650.0, 1.2, 0.0001, 4, 60.0)"
916,"(800.0, 2.5, 0.005, 10, 100.0)","(780.0, 2.3, 0.006, 9, 105.0)","(760.0, 2.1, 0.007, 8, 110.0)","(740.0, 1.9, 0.008, 7, 115.0)","(720.0, 1.7, 0.009, 6, 120.0)"
917,"(780.0, 2.5, 0.02, 10, 50.0)","(760.0, 2.3, 0.025, 9, 60.0)","(740.0, 2.1, 0.03, 8, 70.0)","(720.0, 1.9, 0.035, 7, 80.0)","(700.0, 1.7, 0.04, 6, 90.0)"
918,"(850.0, 2.5, 0.005, 3, 150.0)","(800.0, 2.0, 0.006, 4, 140.0)","(750.0, 1.8, 0.007, 5, 130.0)","(700.0, 1.5, 0.008, 6, 120.0)","(650.0, 1.2, 0.009, 7, 110.0)"
919,"(700.0, 2.5, 0.005, 10, 150.0)","(680.0, 2.0, 0.008, 8, 120.0)","(650.0, 1.5, 0.012, 6, 90.0)","(620.0, 1.0, 0.015, 4, 70.0)","(600.0, 0.8, 0.02, 2, 50.0)"
920,"(800.0, 3.5, 0.005, 10, 100.0)","(750.0, 3.0, 0.006, 9, 90.0)","(700.0, 2.5, 0.007, 8, 80.0)","(650.0, 2.0, 0.008, 7, 70.0)","(600.0, 1.5, 0.009, 6, 60.0)"
921,"(700.0, 2.5, 0.001, 5, 50.0)","(650.0, 2.0, 0.0015, 6, 60.0)","(600.0, 1.8, 0.002, 7, 70.0)","(550.0, 1.5, 0.0025, 8, 80.0)","(500.0, 1.0, 0.003, 15, 90.0)"
922,"(750.0, 2.0, 0.01, 5, 100.0)","(700.0, 1.8, 0.015, 4, 120.0)","(650.0, 1.6, 0.02, 3, 140.0)","(600.0, 1.4, 0.025, 2, 160.0)","(550.0, 1.2, 0.03, 1, 180.0)"
923,"(750.0, 2.5, 0.01, 10, 20.0)","(700.0, 2.0, 0.02, 8, 30.0)","(650.0, 1.8, 0.03, 6, 40.0)","(600.0, 1.5, 0.04, 4, 50.0)","(550.0, 1.2, 0.05, 2, 60.0)"
924,"(750.0, 1.5, 0.001, 1, 100.0)","(725.0, 1.6, 0.0012, 2, 95.0)","(700.0, 1.7, 0.0014, 3, 90.0)","(675.0, 1.8, 0.0016, 4, 85.0)","(650.0, 1.9, 0.0018, 5, 80.0)"
925,"(750.0, 2.0, 0.01, 5, 50.0)","(700.0, 1.8, 0.02, 4, 60.0)","(640.0, 1.5, 0.01, 4, 80.0)","(620.0, 1.0, 0.005, 3, 90.0)","(700.0, 2.0, 0.05, 5, 50.0)"
926,"(800.0, 2.5, 0.0001, 5, 100.0)","(780.0, 2.3, 0.00015, 5, 110.0)","(760.0, 2.1, 0.0002, 5, 120.0)","(740.0, 1.9, 0.00025, 5, 130.0)","(720.0, 1.7, 0.0003, 5, 140.0)"
927,"(750.0, 2.0, 0.01, 5, 50.0)","(700.0, 1.8, 0.02, 4, 60.0)","(800.0, 2.5, 0.01, 5, 50.0)","(780.0, 2.2, 0.01, 6, 60.0)","(760.0, 1.8, 0.01, 7, 70.0)"
928,"(750.0, 3.0, 0.005, 10, 100.0)","(700.0, 2.5, 0.008, 8, 120.0)","(650.0, 2.0, 0.01, 6, 150.0)","(600.0, 1.8, 0.015, 4, 200.0)","(550.0, 1.5, 0.02, 2, 250.0)"
929,"(850.0, 3.0, 0.005, 10, 100.0)","(800.0, 2.5, 0.01, 9, 90.0)","(750.0, 2.0, 0.02, 8, 80.0)","(700.0, 1.8, 0.03, 7, 70.0)","(650.0, 1.5, 0.04, 6, 60.0)"
930,"(750.0, 3.0, 0.001, 10, 50.0)","(730.0, 2.5, 0.002, 9, 55.0)","(710.0, 2.0, 0.003, 8, 60.0)","(690.0, 1.5, 0.004, 7, 65.0)","(670.0, 1.0, 0.005, 6, 70.0)"
931,"(700.0, 2.5, 0.002, 5, 100.0)","(650.0, 2.0, 0.003, 4, 90.0)","(600.0, 1.8, 0.004, 3, 80.0)","(550.0, 1.5, 0.005, 2, 70.0)","(500.0, 1.0, 0.006, 1, 60.0)"
932,"(850.0, 3.0, 0.005, 10, 100.0)","(820.0, 2.8, 0.006, 9, 105.0)","(790.0, 2.6, 0.007, 8, 110.0)","(760.0, 2.4, 0.008, 7, 115.0)","(730.0, 2.2, 0.009, 6, 120.0)"
933,"(750.0, 2.5, 0.005, 10, 80.0)","(700.0, 2.0, 0.003, 10, 90.0)","(650.0, 1.8, 0.006, 8, 100.0)","(600.0, 1.5, 0.008, 6, 120.0)","(550.0, 1.0, 0.01, 5, 150.0)"
934,"(850.0, 3.5, 0.008, 10, 300.0)","(800.0, 3.0, 0.007, 10, 250.0)","(750.0, 2.5, 0.006, 10, 200.0)","(700.0, 2.0, 0.005, 9, 150.0)","(650.0, 1.5, 0.004, 8, 100.0)"
935,"(700.0, 1.8, 0.02, 5, 100.0)","(720.0, 2.0, 0.015, 4, 120.0)","(680.0, 1.6, 0.025, 3, 90.0)","(730.0, 2.2, 0.01, 2, 150.0)","(690.0, 1.5, 0.03, 1, 80.0)"
936,"(750.0, 2.5, 0.02, 3, 200.0)","(700.0, 2.3, 0.02, 3, 180.0)","(650.0, 2.0, 0.02, 3, 160.0)","(600.0, 1.7, 0.02, 3, 140.0)","(550.0, 1.5, 0.02, 3, 120.0)"
937,"(800.0, 3.0, 0.005, 10, 50.0)","(750.0, 2.5, 0.004, 8, 60.0)","(700.0, 2.0, 0.003, 6, 70.0)","(650.0, 1.8, 0.002, 4, 80.0)","(600.0, 1.5, 0.001, 2, 90.0)"
938,"(700.0, 2.0, 0.005, 5, 50.0)","(680.0, 1.8, 0.006, 4, 60.0)","(650.0, 1.5, 0.007, 3, 70.0)","(630.0, 1.3, 0.008, 2, 80.0)","(600.0, 1.0, 0.009, 1, 90.0)"
939,"(800.0, 3.0, 0.01, 10, 100.0)","(780.0, 2.5, 0.005, 8, 90.0)","(760.0, 2.0, 0.01, 6, 80.0)","(740.0, 1.5, 0.03, 4, 70.0)","(720.0, 1.0, 0.05, 2, 60.0)"
940,"(850.0, 3.0, 0.002, 10, 100.0)","(800.0, 2.8, 0.003, 8, 110.0)","(750.0, 2.5, 0.004, 6, 120.0)","(700.0, 2.2, 0.005, 4, 130.0)","(650.0, 2.0, 0.006, 2, 140.0)"
941,"(750.0, 3.0, 0.005, 10, 100.0)","(700.0, 2.5, 0.008, 12, 120.0)","(650.0, 2.0, 0.01, 15, 150.0)","(600.0, 1.8, 0.015, 8, 180.0)","(550.0, 1.5, 0.02, 5, 200.0)"
942,"(800.0, 3.0, 0.005, 10, 200.0)","(780.0, 2.8, 0.004, 9, 190.0)","(760.0, 2.5, 0.003, 8, 180.0)","(740.0, 2.3, 0.002, 7, 170.0)","(720.0, 2.0, 0.001, 6, 160.0)"
943,"(700.0, 1.5, 0.0001, 10, 100.0)","(680.0, 1.4, 0.0002, 9, 120.0)","(660.0, 1.3, 0.0003, 8, 140.0)","(640.0, 1.2, 0.0004, 7, 160.0)","(620.0, 1.1, 0.0005, 6, 180.0)"
944,"(700.0, 2.0, 0.01, 10, 50.0)","(680.0, 1.8, 0.02, 8, 60.0)","(660.0, 1.6, 0.03, 6, 70.0)","(640.0, 1.4, 0.04, 4, 80.0)","(620.0, 1.2, 0.05, 2, 90.0)"
945,"(800.0, 2.5, 0.01, 5, 200.0)","(780.0, 2.8, 0.01, 5, 210.0)","(760.0, 2.5, 0.01, 5, 220.0)","(740.0, 2.3, 0.01, 5, 230.0)","(720.0, 2.0, 0.01, 5, 240.0)"
946,"(800.0, 2.0, 0.01, 10, 100.0)","(750.0, 2.5, 0.015, 9, 90.0)","(700.0, 3.0, 0.02, 8, 80.0)","(650.0, 3.5, 0.025, 7, 70.0)","(600.0, 4.0, 0.03, 5, 60.0)"
947,"(750.0, 2.0, 0.001, 5, 50.0)","(700.0, 1.8, 0.01, 4, 60.0)","(650.0, 1.5, 0.003, 3, 70.0)","(600.0, 1.3, 0.004, 2, 80.0)","(550.0, 1.0, 0.005, 1, 90.0)"
948,"(850.0, 3.5, 0.005, 10, 150.0)","(800.0, 3.0, 0.02, 8, 200.0)","(750.0, 2.5, 0.04, 6, 250.0)","(700.0, 2.0, 0.06, 4, 300.0)","(650.0, 1.5, 0.1, 2, 350.0)"
949,"(750.0, 3.0, 0.001, 10, 50.0)","(720.0, 2.8, 0.002, 9, 60.0)","(690.0, 2.5, 0.003, 8, 70.0)","(660.0, 2.2, 0.004, 7, 80.0)","(630.0, 2.0, 0.005, 6, 90.0)"
950,"(700.0, 2.5, 0.0015, 10, 50.0)","(680.0, 2.0, 0.002, 8, 60.0)","(650.0, 1.8, 0.003, 6, 70.0)","(620.0, 1.5, 0.004, 4, 80.0)","(600.0, 1.0, 0.005, 2, 90.0)"
951,"(850.0, 3.0, 0.01, 5, 200.0)","(825.0, 2.8, 0.015, 4, 180.0)","(800.0, 2.5, 0.018, 3, 160.0)","(775.0, 2.2, 0.02, 2, 140.0)","(750.0, 2.0, 0.025, 1, 120.0)"
952,"(800.0, 3.0, 0.1, 10, 100.0)","(750.0, 2.5, 0.1, 10, 120.0)","(700.0, 2.0, 0.05, 8, 150.0)","(650.0, 1.8, 0.03, 6, 200.0)","(600.0, 1.5, 0.01, 5, 250.0)"
953,"(750.0, 2.0, 0.02, 5, 100.0)","(700.0, 2.2, 0.025, 6, 90.0)","(650.0, 2.1, 0.02, 7, 80.0)","(600.0, 2.3, 0.03, 8, 70.0)","(550.0, 1.8, 0.015, 9, 60.0)"
954,"(700.0, 2.5, 0.001, 10, 200.0)","(650.0, 2.0, 0.002, 8, 220.0)","(600.0, 1.8, 0.003, 6, 240.0)","(550.0, 1.5, 0.004, 4, 260.0)","(500.0, 1.0, 0.005, 2, 280.0)"
955,"(750.0, 2.0, 0.0002, 5, 20.0)","(700.0, 1.8, 0.0001, 5, 30.0)","(650.0, 1.6, 0.0003, 4, 40.0)","(600.0, 1.4, 0.0005, 3, 50.0)","(550.0, 1.2, 0.001, 2, 60.0)"
956,"(750.0, 2.5, 0.001, 5, 50.0)","(720.0, 2.0, 0.002, 5, 60.0)","(690.0, 1.8, 0.003, 5, 70.0)","(660.0, 1.5, 0.004, 5, 80.0)","(630.0, 1.2, 0.005, 5, 90.0)"
957,"(700.0, 2.5, 0.005, 10, 50.0)","(650.0, 2.0, 0.01, 8, 60.0)","(600.0, 1.8, 0.02, 6, 70.0)","(550.0, 1.5, 0.03, 4, 80.0)","(500.0, 1.0, 0.04, 2, 90.0)"
958,"(700.0, 2.5, 0.01, 10, 100.0)","(680.0, 2.2, 0.015, 8, 90.0)","(650.0, 2.0, 0.02, 6, 80.0)","(620.0, 1.8, 0.025, 4, 70.0)","(600.0, 1.5, 0.03, 2, 60.0)"
959,"(750.0, 2.5, 0.001, 5, 50.0)","(725.0, 2.3, 0.002, 6, 60.0)","(700.0, 2.1, 0.003, 7, 70.0)","(675.0, 1.9, 0.004, 8, 80.0)","(650.0, 1.7, 0.005, 9, 90.0)"
960,"(750.0, 2.5, 0.005, 5, 100.0)","(720.0, 2.0, 0.005, 4, 120.0)","(690.0, 1.8, 0.006, 3, 150.0)","(660.0, 1.5, 0.007, 2, 180.0)","(630.0, 1.2, 0.008, 1, 200.0)"
961,"(750.0, 2.5, 0.002, 10, 150.0)","(700.0, 2.0, 0.0015, 8, 120.0)","(650.0, 1.5, 0.001, 6, 100.0)","(600.0, 1.0, 0.0005, 5, 90.0)","(550.0, 0.5, 0.0001, 3, 70.0)"
962,"(700.0, 3.5, 0.005, 10, 100.0)","(650.0, 3.0, 0.006, 9, 110.0)","(600.0, 2.5, 0.007, 8, 120.0)","(550.0, 2.0, 0.008, 7, 130.0)","(500.0, 1.5, 0.009, 6, 140.0)"
963,"(850.0, 3.0, 5e-05, 10, 100.0)","(800.0, 2.8, 6e-05, 8, 120.0)","(750.0, 2.5, 7e-05, 6, 150.0)","(700.0, 2.3, 8e-05, 4, 200.0)","(650.0, 2.0, 9e-05, 2, 250.0)"
964,"(800.0, 2.5, 0.0005, 5, 100.0)","(780.0, 2.3, 0.0006, 4, 95.0)","(760.0, 2.1, 0.0007, 3, 90.0)","(740.0, 1.9, 0.0008, 2, 85.0)","(720.0, 1.7, 0.0009, 1, 80.0)"
965,"(800.0, 3.0, 0.005, 10, 100.0)","(780.0, 2.5, 0.006, 8, 110.0)","(750.0, 2.0, 0.007, 6, 120.0)","(720.0, 1.5, 0.008, 4, 130.0)","(700.0, 1.0, 0.009, 2, 140.0)"
966,"(750.0, 3.0, 0.05, 10, 100.0)","(730.0, 2.5, 0.04, 8, 80.0)","(700.0, 2.0, 0.03, 6, 60.0)","(680.0, 1.8, 0.02, 4, 40.0)","(650.0, 1.5, 0.01, 2, 20.0)"
967,"(750.0, 2.5, 0.001, 5, 50.0)","(730.0, 2.0, 0.0015, 5, 60.0)","(710.0, 1.8, 0.002, 4, 70.0)","(690.0, 1.5, 0.0025, 3, 80.0)","(670.0, 1.3, 0.003, 2, 90.0)"
968,"(750.0, 2.0, 0.0005, 5, 100.0)","(700.0, 1.8, 0.0006, 4, 90.0)","(650.0, 1.5, 0.0007, 3, 80.0)","(600.0, 1.3, 0.0008, 2, 70.0)","(550.0, 1.0, 0.0009, 1, 60.0)"
969,"(750.0, 2.5, 0.001, 5, 50.0)","(700.0, 2.0, 0.0001, 4, 60.0)","(650.0, 1.8, 0.0002, 3, 70.0)","(600.0, 1.5, 0.0003, 2, 80.0)","(550.0, 1.0, 0.005, 1, 90.0)"
970,"(700.0, 2.5, 0.005, 10, 100.0)","(680.0, 2.2, 0.006, 10, 95.0)","(660.0, 2.0, 0.007, 10, 90.0)","(640.0, 1.8, 0.008, 10, 85.0)","(620.0, 1.5, 0.009, 10, 80.0)"
971,"(750.0, 2.5, 0.005, 10, 200.0)","(700.0, 2.0, 0.01, 8, 150.0)","(650.0, 1.8, 0.015, 6, 120.0)","(600.0, 1.5, 0.02, 5, 100.0)","(550.0, 1.2, 0.025, 4, 80.0)"
972,"(700.0, 2.0, 0.002, 10, 50.0)","(750.0, 2.5, 0.001, 8, 60.0)","(650.0, 1.5, 0.003, 12, 70.0)","(800.0, 3.0, 0.0004, 6, 80.0)","(600.0, 1.0, 0.005, 5, 90.0)"
973,"(800.0, 2.0, 0.005, 10, 100.0)","(750.0, 1.8, 0.05, 8, 120.0)","(700.0, 1.5, 0.5, 6, 150.0)","(650.0, 1.2, 0.2, 4, 180.0)","(600.0, 1.0, 0.1, 2, 200.0)"
974,"(700.0, 1.5, 0.002, 5, 50.0)","(680.0, 1.6, 0.003, 5, 60.0)","(660.0, 1.7, 0.004, 4, 70.0)","(640.0, 1.8, 0.005, 4, 80.0)","(620.0, 1.9, 0.006, 3, 90.0)"
975,"(800.0, 3.0, 0.0001, 5, 50.0)","(750.0, 2.8, 0.0002, 4, 60.0)","(700.0, 2.5, 0.0003, 3, 70.0)","(650.0, 2.2, 0.0004, 2, 80.0)","(600.0, 2.0, 0.0005, 1, 90.0)"
976,"(800.0, 3.0, 0.001, 10, 100.0)","(750.0, 2.8, 0.002, 9, 95.0)","(700.0, 2.5, 0.003, 8, 90.0)","(650.0, 2.2, 0.004, 7, 85.0)","(600.0, 2.0, 0.005, 6, 80.0)"
977,"(800.0, 1.5, 0.0001, 10, 100.0)","(750.0, 1.8, 5e-05, 8, 90.0)","(700.0, 1.6, 0.0002, 6, 80.0)","(650.0, 1.4, 0.0003, 5, 70.0)","(600.0, 1.2, 0.0004, 4, 60.0)"
978,"(850.0, 3.0, 0.1, 10, 100.0)","(800.0, 2.5, 0.05, 8, 150.0)","(750.0, 2.0, 0.01, 6, 200.0)","(700.0, 1.8, 0.005, 4, 250.0)","(650.0, 1.5, 0.001, 2, 300.0)"
979,"(800.0, 3.0, 0.005, 10, 200.0)","(780.0, 2.8, 0.004, 9, 190.0)","(760.0, 2.6, 0.003, 8, 180.0)","(740.0, 2.4, 0.002, 7, 170.0)","(720.0, 2.2, 0.001, 6, 160.0)"
980,"(750.0, 2.0, 0.001, 5, 100.0)","(700.0, 1.8, 0.002, 5, 110.0)","(650.0, 1.5, 0.003, 4, 120.0)","(600.0, 1.3, 0.004, 3, 130.0)","(550.0, 1.0, 0.005, 2, 140.0)"
981,"(700.0, 2.0, 0.01, 5, 50.0)","(680.0, 1.8, 0.015, 4, 60.0)","(660.0, 1.6, 0.018, 3, 70.0)","(640.0, 1.4, 0.02, 2, 80.0)","(620.0, 1.2, 0.025, 1, 90.0)"
982,"(750.0, 2.0, 0.002, 5, 50.0)","(700.0, 1.8, 0.003, 4, 60.0)","(650.0, 1.5, 0.004, 3, 70.0)","(600.0, 1.3, 0.005, 2, 80.0)","(550.0, 1.0, 0.006, 1, 90.0)"
983,"(750.0, 1.5, 0.0001, 10, 50.0)","(700.0, 1.6, 0.0005, 8, 55.0)","(650.0, 1.8, 0.001, 6, 60.0)","(600.0, 2.0, 0.002, 5, 65.0)","(550.0, 2.5, 0.005, 4, 70.0)"
984,"(800.0, 3.0, 0.01, 10, 100.0)","(750.0, 2.5, 0.02, 8, 90.0)","(700.0, 2.0, 0.03, 6, 80.0)","(650.0, 1.8, 0.04, 4, 70.0)","(600.0, 1.5, 0.05, 2, 60.0)"
985,"(600.0, 1.5, 0.005, 5, 50.0)","(550.0, 1.3, 0.006, 4, 60.0)","(500.0, 1.0, 0.007, 3, 70.0)","(450.0, 0.8, 0.008, 2, 80.0)","(400.0, 0.5, 0.009, 1, 90.0)"
986,"(750.0, 2.5, 0.005, 10, 30.0)","(700.0, 2.0, 0.01, 8, 40.0)","(650.0, 1.8, 0.02, 6, 50.0)","(600.0, 1.5, 0.03, 4, 60.0)","(550.0, 1.2, 0.04, 2, 70.0)"
987,"(800.0, 2.5, 0.003, 7, 100.0)","(780.0, 2.8, 0.002, 6, 90.0)","(760.0, 2.2, 0.004, 8, 80.0)","(740.0, 2.0, 0.005, 9, 70.0)","(720.0, 1.8, 0.006, 10, 60.0)"
988,"(750.0, 3.5, 0.005, 10, 50.0)","(700.0, 3.0, 0.006, 8, 60.0)","(650.0, 2.8, 0.007, 6, 70.0)","(600.0, 2.5, 0.008, 5, 80.0)","(550.0, 2.0, 0.009, 4, 90.0)"
989,"(850.0, 3.0, 0.001, 10, 200.0)","(800.0, 2.5, 0.002, 8, 180.0)","(750.0, 2.0, 0.003, 6, 160.0)","(700.0, 1.5, 0.004, 4, 140.0)","(650.0, 1.0, 0.005, 2, 120.0)"
990,"(750.0, 2.5, 0.005, 8, 50.0)","(700.0, 2.0, 0.008, 7, 55.0)","(650.0, 1.8, 0.01, 6, 60.0)","(600.0, 1.5, 0.012, 5, 65.0)","(550.0, 1.0, 0.015, 4, 70.0)"
991,"(750.0, 2.5, 0.0001, 10, 50.0)","(700.0, 2.0, 0.0002, 8, 60.0)","(650.0, 1.8, 0.0003, 6, 70.0)","(600.0, 1.5, 0.0004, 4, 80.0)","(550.0, 1.2, 0.0005, 2, 90.0)"
992,"(700.0, 1.5, 0.01, 5, 50.0)","(680.0, 1.3, 0.02, 4, 60.0)","(660.0, 1.2, 0.03, 3, 70.0)","(640.0, 1.1, 0.04, 2, 80.0)","(620.0, 1.0, 0.05, 1, 90.0)"
993,"(700.0, 2.0, 0.01, 10, 50.0)","(650.0, 1.8, 0.015, 8, 60.0)","(600.0, 1.5, 0.02, 6, 70.0)","(550.0, 1.3, 0.025, 4, 80.0)","(500.0, 1.0, 0.03, 2, 90.0)"
994,"(750.0, 3.5, 0.001, 5, 100.0)","(700.0, 3.0, 0.005, 4, 120.0)","(650.0, 2.8, 0.008, 3, 140.0)","(600.0, 2.5, 0.01, 2, 160.0)","(550.0, 2.0, 0.015, 1, 180.0)"
995,"(700.0, 2.0, 0.0001, 10, 50.0)","(650.0, 1.8, 0.0002, 8, 60.0)","(600.0, 1.6, 0.0003, 6, 70.0)","(550.0, 1.4, 0.0004, 4, 80.0)","(500.0, 1.2, 0.0005, 2, 90.0)"
996,"(750.0, 3.0, 0.0001, 10, 100.0)","(720.0, 2.8, 0.0005, 8, 90.0)","(690.0, 2.5, 0.001, 6, 80.0)","(660.0, 2.2, 0.002, 4, 70.0)","(630.0, 2.0, 0.003, 2, 60.0)"
997,"(700.0, 2.0, 0.01, 10, 100.0)","(680.0, 1.8, 0.02, 8, 120.0)","(650.0, 1.5, 0.03, 6, 140.0)","(620.0, 1.3, 0.04, 4, 160.0)","(590.0, 1.0, 0.05, 2, 180.0)"
998,"(700.0, 2.5, 0.005, 5, 50.0)","(680.0, 2.2, 0.004, 4, 60.0)","(660.0, 2.0, 0.003, 3, 70.0)","(640.0, 1.8, 0.002, 2, 80.0)","(620.0, 1.5, 0.001, 1, 90.0)"
999,"(700.0, 1.5, 0.001, 10, 100.0)","(720.0, 1.8, 0.003, 12, 150.0)","(750.0, 2.0, 0.002, 8, 120.0)","(680.0, 1.2, 0.0001, 5, 80.0)","(650.0, 1.0, 0.0005, 3, 60.0)"
1000,"(850.0, 2.5, 0.01, 5, 50.0)","(800.0, 2.3, 0.1, 6, 60.0)","(750.0, 2.0, 0.02, 4, 70.0)","(700.0, 1.8, 0.03, 3, 80.0)","(650.0, 1.5, 0.04, 2, 90.0)"
1001,"(800.0, 3.0, 0.001, 10, 200.0)","(750.0, 2.5, 0.002, 8, 180.0)","(720.0, 2.0, 0.003, 6, 160.0)","(680.0, 1.8, 0.004, 5, 140.0)","(650.0, 1.5, 0.005, 3, 120.0)"
1002,"(750.0, 3.0, 0.001, 10, 20.0)","(700.0, 2.5, 0.0015, 8, 25.0)","(650.0, 2.0, 0.002, 6, 30.0)","(600.0, 1.5, 0.0025, 5, 35.0)","(550.0, 1.0, 0.003, 4, 40.0)"
1003,"(750.0, 1.5, 0.001, 5, 50.0)","(700.0, 1.6, 0.0015, 4, 50.0)","(650.0, 1.8, 0.002, 3, 50.0)","(600.0, 2.0, 0.0025, 2, 50.0)","(550.0, 2.2, 0.003, 1, 50.0)"
1005,"(650.0, 1.5, 0.001, 4, 100.0)","(600.0, 1.8, 0.002, 5, 120.0)","(550.0, 2.0, 0.003, 6, 150.0)","(500.0, 2.5, 0.004, 7, 180.0)","(450.0, 3.0, 0.005, 8, 200.0)"
1006,"(750.0, 2.0, 0.001, 5, 50.0)","(700.0, 1.8, 0.0015, 5, 60.0)","(650.0, 1.6, 0.002, 4, 70.0)","(600.0, 1.4, 0.0025, 3, 80.0)","(550.0, 1.2, 0.003, 2, 90.0)"
1007,"(800.0, 3.0, 0.005, 10, 50.0)","(780.0, 2.8, 0.004, 9, 55.0)","(760.0, 2.6, 0.003, 8, 60.0)","(740.0, 2.4, 0.002, 7, 65.0)","(720.0, 2.2, 0.001, 6, 70.0)"
1008,"(700.0, 2.5, 0.001, 5, 50.0)","(680.0, 2.3, 0.0012, 4, 60.0)","(650.0, 2.0, 0.0015, 3, 70.0)","(630.0, 1.8, 0.0018, 2, 80.0)","(600.0, 1.5, 0.002, 1, 90.0)"
1009,"(800.0, 3.0, 0.005, 10, 100.0)","(780.0, 2.8, 0.006, 8, 120.0)","(760.0, 2.5, 0.007, 6, 140.0)","(740.0, 2.2, 0.008, 4, 160.0)","(720.0, 2.0, 0.009, 2, 180.0)"
1010,"(800.0, 3.0, 0.05, 8, 150.0)","(750.0, 2.5, 0.03, 6, 100.0)","(700.0, 2.0, 0.08, 5, 120.0)","(650.0, 1.8, 0.01, 4, 180.0)","(600.0, 1.5, 0.001, 3, 200.0)"
1011,"(750.0, 2.0, 0.001, 10, 100.0)","(700.0, 1.8, 0.002, 9, 120.0)","(650.0, 1.6, 0.003, 8, 150.0)","(600.0, 1.4, 0.004, 7, 180.0)","(550.0, 1.2, 0.005, 6, 200.0)"
1012,"(850.0, 2.5, 0.02, 3, 100.0)","(800.0, 2.0, 0.03, 5, 95.0)","(750.0, 1.8, 0.015, 8, 90.0)","(700.0, 1.5, 0.01, 10, 85.0)","(650.0, 1.0, 0.005, 15, 80.0)"
1013,"(700.0, 2.5, 0.005, 10, 100.0)","(650.0, 2.0, 0.008, 8, 90.0)","(600.0, 1.8, 0.01, 6, 80.0)","(550.0, 1.5, 0.015, 4, 70.0)","(500.0, 1.2, 0.02, 2, 60.0)"
1014,"(850.0, 3.0, 0.005, 10, 100.0)","(800.0, 2.5, 0.006, 9, 120.0)","(750.0, 2.0, 0.007, 8, 140.0)","(700.0, 1.8, 0.008, 7, 160.0)","(650.0, 1.5, 0.009, 6, 180.0)"
1015,"(850.0, 1.5, 0.0001, 10, 50.0)","(800.0, 2.0, 0.0002, 8, 60.0)","(750.0, 2.5, 0.0003, 6, 70.0)","(700.0, 3.0, 0.0004, 4, 80.0)","(650.0, 3.5, 0.0005, 2, 90.0)"
1016,"(800.0, 2.5, 0.001, 5, 50.0)","(750.0, 2.0, 0.002, 5, 60.0)","(700.0, 1.5, 0.003, 10, 70.0)","(650.0, 1.0, 0.004, 15, 80.0)","(550.0, 0.5, 0.005, 15, 90.0)"
1017,"(800.0, 2.5, 0.01, 5, 80.0)","(780.0, 2.0, 0.015, 4, 70.0)","(760.0, 1.8, 0.02, 3, 60.0)","(740.0, 1.5, 0.025, 2, 50.0)","(720.0, 1.2, 0.03, 1, 40.0)"
1018,"(800.0, 3.0, 0.005, 10, 200.0)","(750.0, 2.5, 0.006, 9, 180.0)","(700.0, 2.0, 0.007, 8, 160.0)","(650.0, 1.8, 0.008, 7, 140.0)","(600.0, 1.5, 0.009, 6, 120.0)"
1019,"(750.0, 1.8, 0.01, 5, 100.0)","(730.0, 1.5, 0.02, 4, 120.0)","(700.0, 1.3, 0.03, 3, 140.0)","(680.0, 1.1, 0.04, 2, 160.0)","(650.0, 1.0, 0.05, 1, 180.0)"
1020,"(700.0, 2.5, 0.05, 5, 150.0)","(650.0, 2.0, 0.04, 4, 140.0)","(600.0, 1.8, 0.03, 3, 130.0)","(550.0, 1.5, 0.02, 2, 120.0)","(500.0, 1.0, 0.01, 1, 110.0)"
1022,"(750.0, 2.0, 0.002, 10, 100.0)","(700.0, 1.8, 0.003, 8, 120.0)","(650.0, 1.5, 0.004, 6, 140.0)","(600.0, 1.3, 0.005, 4, 160.0)","(550.0, 1.0, 0.006, 2, 180.0)"
1023,"(700.0, 3.0, 0.0001, 10, 30.0)","(650.0, 2.5, 0.00015, 8, 40.0)","(600.0, 2.0, 0.0002, 6, 50.0)","(550.0, 1.8, 0.00025, 4, 60.0)","(500.0, 1.5, 0.0003, 2, 70.0)"
1024,"(750.0, 2.5, 0.01, 10, 200.0)","(700.0, 2.0, 0.01, 10, 150.0)","(650.0, 1.8, 0.01, 8, 120.0)","(600.0, 1.5, 0.01, 6, 80.0)","(550.0, 1.3, 0.01, 5, 50.0)"
